Category,Filename
AWS,aws-polly-tts.py
AWS,aws-sqs-image-queue.py
Analysis Tools,analyze-code-complexity.py
Analysis Tools,analyze-file-migration.py
Analysis Tools,analyze-file-versions.py
Analysis Tools,analyze-files-comprehensive.py
Analysis Tools,analyze-folder-reader.py
Analysis Tools,analyze-json-writer.py
Analysis Tools,analyze-metadata.py
Analysis Tools,analyze-mp3-transcript-prompts.py
Analysis Tools,analyze-prompt.py
Analysis Tools,analyze-reader.py
Analysis Tools,analyze-transcribe-missing-audio.py
Analysis Tools,analyze-transcript.py
Analysis Tools,analyze-writer.py
Analysis Tools,analyze-youtube-shorts-info.py
Anthropic Claude,anthropic-download.py
Anthropic Claude,claude-anthropic-download.py
Anthropic Claude,claude-chief.py
Anthropic Claude,claude-code-review-system.py
Anthropic Claude,claude-deep.py
Audio Processing,audio-analyzer.py
Audio Processing,audio-normalize.py
Audio Processing,audio-thinketh.py
Audio Processing,audio-transcription-pipeline.py
CSV/Data,csv-extract-webm-files.py
CSV/Data,csv-file-lister.py
CSV/Data,csv-image-file-mover.py
CSV/Data,csv-media-catalog-helper.py
CSV/Data,csv-print-on-demand-catalog.py
File Organization,PROCESS_BATCH_RENAMES.py
File Organization,comprehensive-dedup-rename.py
File Organization,content-aware-organizer.py
File Organization,create-reorganization-plan.py
File Organization,deep-content-renamer.py
File Organization,downloads-organizer-dedup.py
File Organization,execute-excel-organization.py
File Organization,execute-organization-plan.py
File Organization,intelligent-renamer-1.py
File Organization,organize-directory.py
File Organization,organize-excel-files.py
File Organization,organize-files-intelligent.py
File Organization,organize-files.py
File Organization,organize-images-by-year.py
File Organization,organize-printify-products.py
File Organization,organize-youtube-root.py
File Organization,organize.py
File Organization,organizer.py
File Organization,preservation-renamer.py
File Organization,pyorganize.py
File Organization,python-intelligent-rename.py
File Organization,rename-by-purpose.py
File Organization,rename-files-utility.py
File Organization,rename.py
File Organization,renamer.py
File Organization,reorganize-by-service.py
File Organization,run-all-renamers.py
File Organization,simple-flat-organizer.py
File Organization,simple-smart-renamer.py
File Organization,simplify-organizer.py
File Organization,smart-conservative-renamer.py
File Organization,smart-content-renamer-v2.py
File Organization,smart-content-renamer-v3.py
File Organization,smart-local-renamer.py
File Organization,smart-organizer.py
File Organization,smart-rename-versions.py
File Organization,thinketh-content-renamer-from-seo-optimizer.py
File Organization,thinketh-content-renamer.py
Image Processing,image-add-text-overlay.py
Image Processing,image-batch-downloader.py
Image Processing,image-convert-upscale.py
Image Processing,image-extract-prompt-metadata.py
Image Processing,image-gallery-alphabetical.py
Image Processing,image-generate-pics.py
Image Processing,image-generator-generic.py
Image Processing,image-get-cover-images.py
Image Processing,image-kaleidoscope-effect.py
Image Processing,image-optimize-9mb-threshold.py
Image Processing,image-resize-aspect-ratios.py
Image Processing,image-resize.py
Image Processing,image-scan-directory.py
Image Processing,image-search.py
Image Processing,image-taggy.py
Image Processing,image-to-image-converter.py
Image Processing,image-to-pdf.py
Image Processing,image-ultimate.py
Image Processing,image-upscale-batch.py
Instagram,instagram-aggressive-renamer.py
Instagram,instagram-archive-media.py
Instagram,instagram-blacklist-timeline-liker.py
Instagram,instagram-block-bots.py
Instagram,instagram-bot-comment.py
Instagram,instagram-bot-library.py
Instagram,instagram-bot-template.py
Instagram,instagram-bulk-renamer.py
Instagram,instagram-checkpoint.py
Instagram,instagram-collect-stats.py
Instagram,instagram-combiner.py
Instagram,instagram-delete-posts.py
Instagram,instagram-direct-send-photo.py
Instagram,instagram-directory-organizer.py
Instagram,instagram-dom-tree.py
Instagram,instagram-download-1.py
Instagram,instagram-download-photos.py
Instagram,instagram-download-user-videos.py
Instagram,instagram-download-your-photos.py
Instagram,instagram-download.py
Instagram,instagram-ecosystem-insights.py
Instagram,instagram-ecosystem-master.py
Instagram,instagram-eliminate.py
Instagram,instagram-extract-video-reader.py
Instagram,instagram-filter-blacklist-hashtag.py
Instagram,instagram-filter-private-profiles.py
Instagram,instagram-follow-last-user.py
Instagram,instagram-follow-user-followers.py
Instagram,instagram-follow-user-following.py
Instagram,instagram-follow-users-from.py
Instagram,instagram-follow-users.py
Instagram,instagram-followers.py
Instagram,instagram-handle-checker.py
Instagram,instagram-image-uploader.py
Instagram,instagram-infinity-feedliker.py
Instagram,instagram-infinity-hashtags-follower.py
Instagram,instagram-infinity-hashtags-liker.py
Instagram,instagram-instabot-bot-youtube-user-id.py
Instagram,instagram-interact.py
Instagram,instagram-like-follow.py
Instagram,instagram-like-hashtags-from.py
Instagram,instagram-like-hashtags.py
Instagram,instagram-like-location-feed.py
Instagram,instagram-like-user-followers.py
Instagram,instagram-like-user-following.py
Instagram,instagram-like-users-from.py
Instagram,instagram-like-users.py
Instagram,instagram-like-your-last.py
Instagram,instagram-message-users.py
Instagram,instagram-openai-download.py
Instagram,instagram-parse.py
Instagram,instagram-processor.py
Instagram,instagram-rename-suno-files.py
Instagram,instagram-reorganize.py
Instagram,instagram-reportbot.py
Instagram,instagram-repost-photo.py
Instagram,instagram-requirements.py
Instagram,instagram-root-scripts.py
Instagram,instagram-save-unfollowers-into.py
Instagram,instagram-save-users-followers.py
Instagram,instagram-save-users-following.py
Instagram,instagram-scan-leonardo-comprehensive.py
Instagram,instagram-script-simple.py
Instagram,instagram-social-platforms-instagram-scraper.py
Instagram,instagram-sort.py
Instagram,instagram-state.py
Instagram,instagram-stories-downloader.py
Instagram,instagram-story.py
Instagram,instagram-unarchive.py
Instagram,instagram-unfollow-everyone.py
Instagram,instagram-unfollow-followers.py
Instagram,instagram-unlike-users.py
Instagram,instagram-upload-story-photo.py
Instagram,instagram-upload.py
Instagram,instagram-welcome-message.py
Instagram,instagram-whisper.py
Instagram,instagram-whispertext-combine.py
Instagram,instagram-whispertext.py
Instagram,instagram-whitelist.py
Leonardo AI,leonardo-api.py
Leonardo AI,leonardo-autonomous-content-agency.py
Leonardo AI,leonardo-avatar-download.py
Leonardo AI,leonardo-brand-builder.py
Leonardo AI,leonardo-content-creation-leonardo.py
Leonardo AI,leonardo-content-factory.py
Leonardo AI,leonardo-convert-json-writer.py
Leonardo AI,leonardo-convert-loop.py
Leonardo AI,leonardo-convert-loop2.py
Leonardo AI,leonardo-convert.py
Leonardo AI,leonardo-cyberpunk-hacker-generator.py
Leonardo AI,leonardo-download-1.py
Leonardo AI,leonardo-download-batch.py
Leonardo AI,leonardo-download.py
Leonardo AI,leonardo-generation.py
Leonardo AI,leonardo-instagram-build.py
Leonardo AI,leonardo-leodown.py
Leonardo AI,leonardo-leoup.py
Leonardo AI,leonardo-loop-upscale.py
Leonardo AI,leonardo-myinfo.py
Leonardo AI,leonardo-newsletter-empire.py
Leonardo AI,leonardo-process-images.py
Leonardo AI,leonardo-process.py
Leonardo AI,leonardo-ssh-avatararts-downloader.py
Leonardo AI,leonardo-universe4.py
Leonardo AI,leonardo-upload-image.py
Leonardo AI,leonardo-upscaled.py
OpenAI,openai-batch-image-seo-pipeline.py
OpenAI,openai-content-analyzer.py
OpenAI,openai-content-creation-nocturne.py
OpenAI,openai-csv-metadata-filler.py
OpenAI,openai-download.py
OpenAI,openai-generate.py
OpenAI,openai-gpt4o-image-metadata.py
OpenAI,openai-image-enrichment.py
OpenAI,openai-image-generater.py
OpenAI,openai-media-processing-image.py
OpenAI,openai-missingapikeyerror.py
OpenAI,openai-song-lyrics-analyzer.py
OpenAI,openai-text-to-speech.py
OpenAI,openai-transcribe-audio.py
OpenAI,openai-vision-image-reader.py
OpenAI,openai-wikipedia-data-downloader.py
Other,DEEP-CONTENT-ANALYSIS.py
Other,Multi-Modal.py
Other,PSDImage.py
Other,STANDARD-ENV-LOADER.py
Other,adaptive-content-awareness.py
Other,advanced-content-pipeline.py
Other,aggressive-filename-cleaner.py
Other,ai-conversation-exports.py
Other,ai-deep-analyzer.py
Other,ai-stability-code.py
Other,album-sorting.py
Other,alchemy-quiz.py
Other,alchemyapi-audio-demo-generator.py
Other,api-key-inventory-v2.py
Other,api-key-inventory.py
Other,application-query-expanison.py
Other,application-self-query.py
Other,apply-improvements.py
Other,archive-reader.py
Other,ascii-python.py
Other,ask-reddit.py
Other,askreddit-loop-1.py
Other,askredditbot.py
Other,assemblyai-audio-transcriber.py
Other,audio.py
Other,audiobook-producer.py
Other,automated-fixer.py
Other,automation-playwright-screenshot.py
Other,automation-selenium-content.py
Other,avatararts-flatten.py
Other,backlinker.py
Other,backup-avatararts-system.py
Other,backup-installations.py
Other,backupcsv.py
Other,basic-follow-unfollow.py
Other,batch-folder-writer.py
Other,batch-image.py
Other,batch-info.py
Other,batch-processor.py
Other,batch-transcript-finder.py
Other,bookmarks.py
Other,bot-instagram.py
Other,bot-like.py
Other,bot-photo.py
Other,brand.py
Other,breakdown.py
Other,bubblespider-amazon-scraper.py
Other,build.py
Other,business-intelligence.py
Other,calculator.py
Other,capture.py
Other,catalog-to-csv.py
Other,categorizer.py
Other,category-readme-generator.py
Other,chat-base.py
Other,chatgpt-conversation-exporter.py
Other,chatgpt.py
Other,chatprompt.py
Other,check-1.py
Other,check-file.py
Other,check-modules.py
Other,check-quality.py
Other,check.py
Other,classify.py
Other,claude.py
Other,clean-flatten-names.py
Other,clean-folder-names-no-vols.py
Other,cli-config-manager.py
Other,cli.py
Other,client-v1.py
Other,clip-editor.py
Other,clips-1.py
Other,cloud-services-aws-streamlit.py
Other,cloud-services-delete.py
Other,cloud-services-sagemaker.py
Other,code-apply-improvements.py
Other,codebase.py
Other,comic-strip-generator.py
Other,compare-content.py
Other,compare-files.py
Other,compare-versions.py
Other,compile.py
Other,comprehensive-folder-consolidation.py
Other,comprehensive-music-content-scan.py
Other,comprehensive-transcript-search.py
Other,comprehensive-verifier.py
Other,computer.py
Other,confcli.py
Other,consolidate-python-ecosystem.py
Other,consolidate-versions.py
Other,consolidation.py
Other,contacts.py
Other,content-aware-analyzer.py
Other,content-aware.py
Other,content-creation-nocturne.py
Other,conversation.py
Other,conversion.py
Other,convert-aiff-to-mp3.py
Other,convert-conversations-to-csv.py
Other,convert-markdown-to-pdf.py
Other,convert-mp4-transcribe.py
Other,convert-video-segments.py
Other,convert.py
Other,converters.py
Other,converts.py
Other,convertupscale.py
Other,cover.py
Other,crawl.py
Other,create-audiobook.py
Other,create-files.py
Other,create-gallery.py
Other,create-strip.py
Other,createdb.py
Other,createimages.py
Other,cross-directory-merger.py
Other,csvmerge.py
Other,csvsort.py
Other,custom-thumbnail.py
Other,customer-complaint-classifier.py
Other,cutout-process.py
Other,dalle-image-downloader.py
Other,dalle-prompt.py
Other,dallecsv.py
Other,database-clients-extract.py
Other,database.py
Other,deduplicate-files-intelligent.py
Other,deep-code.py
Other,deep-content-cross-reference.py
Other,deep-content.py
Other,deep-level.py
Other,deep-music-directory-analyzer.py
Other,deep.py
Other,deepgram-test.py
Other,deepgram-updated.py
Other,defaults.py
Other,delete-endpoint.py
Other,delete.py
Other,denoiser.py
Other,deploy-sagemaker.py
Other,development-apps-input.py
Other,development-frameworks-python.py
Other,development-gui-apps-hooks.py
Other,development-process-proc.py
Other,development-utils-jsonutil.py
Other,devops.py
Other,diagnose.py
Other,direct.py
Other,discography-grid-html.py
Other,discography-html.py
Other,documents.py
Other,domination-engine.py
Other,downloads-index-builder.py
Other,drive-compare.py
Other,dualdomainstrategy-v1.py
Other,duplicate-cleaner.py
Other,edit.py
Other,editorhooks.py
Other,elevenlabs.py
Other,emoji-morph-animation.py
Other,emotional.py
Other,etree.py
Other,etsy-image-metadata.py
Other,etsy-printify-download-csv.py
Other,etsy-product-images.py
Other,etsy-sort.py
Other,evaluate.py
Other,evaluation.py
Other,excolors.py
Other,execute-deduplication.py
Other,export-ai-conversations.py
Other,export-analysis-to-csv.py
Other,export-data-warehouse.py
Other,extract-archived-content.py
Other,extract-files.py
Other,extract-news-to-audio.py
Other,extract-to-audio.py
Other,extract-topic-from-text.py
Other,extract.py
Other,fancyimg.py
Other,fancyname.py
Other,ffmpeg-downloader.py
Other,ffmpeg-help.py
Other,ffmpeg-installer.py
Other,ffmpeg-robot.py
Other,file-dedup-scanner.py
Other,file-uploader.py
Other,fill-utility.py
Other,find-duplicates-fdupes.py
Other,find-duplicates-md5.py
Other,finder.py
Other,finetune-unsloth.py
Other,firebase-api-processor.py
Other,fix-bare-except-statements.py
Other,fix-transcript-names.py
Other,fixer.py
Other,flatten-all-album-structure.py
Other,fluid-document-sweep.py
Other,formdata.py
Other,fundamental-analysis.py
Other,gallery-merge-system.py
Other,gallery-url-parser.py
Other,gdrive-link-converter.py
Other,gdrive.py
Other,gemini-storybook-audio.py
Other,generate-emotional-audio.py
Other,generate-file-move-log.py
Other,generate-text-overlay.py
Other,generatetexts-1.py
Other,generatetexts.py
Other,genshi.py
Other,get-file.py
Other,get-hashtags-from.py
Other,get-simple.py
Other,get-threads.py
Other,getattr.py
Other,giphy-download.py
Other,giphy-downloader.py
Other,giphy-gifs.py
Other,github-repo-audit.py
Other,gmupload.py
Other,goapi-midjourney-imagine.py
Other,good-usage.py
Other,grok-langchain-agent.py
Other,groq-cli.py
Other,gui-apps-downloader.py
Other,hardcoded.py
Other,html-docs-generator.py
Other,html-keep.py
Other,html.py
Other,ident.py
Other,identify-leonardo-user-scripts.py
Other,imove.py
Other,implement.py
Other,import-clean-conversations.py
Other,indent.py
Other,instabot-api-prepare.py
Other,instabot-devices.py
Other,instagram.py
Other,installations.py
Other,instareport-libs-attack.py
Other,intelligent-code-orchestrator.py
Other,launcher.py
Other,leonardo.py
Other,lexica.py
Other,loop.py
Other,lyrics-storyboards.py
Other,macro.py
Other,manage-repo.py
Other,market-research-platform.py
Other,massive.py
Other,media-player.py
Other,media-processing-audio.py
Other,merge-doc-csvs.py
Other,merge-files-intelligent.py
Other,merge-moonlight-and-misc.py
Other,merge-other-content-albums.py
Other,midjourney-tool.py
Other,model-evaluation-evaluate.py
Other,model-evaluation-sagemaker.py
Other,model-finetuning-sagemaker.py
Other,move-improvements.py
Other,mp3-batch-timestamp.py
Other,multi-depth-folder-analyzer.py
Other,multi-thread.py
Other,multi.py
Other,music-catalog.py
Other,mydesign-download.py
Other,mydesigner.py
Other,named.py
Other,nativetypes.py
Other,nested.py
Other,onedrive-gallery-logic.py
Other,openai.py
Other,optimizer.py
Other,optional.py
Other,origin-date.py
Other,oshelper.py
Other,other-simple.py
Other,output.py
Other,page.py
Other,pager.py
Other,parse-api.py
Other,parse-main.py
Other,parse-reddit-post.py
Other,parse-simple.py
Other,parse.py
Other,pdf-merge-with-toc.py
Other,pdf-merge.py
Other,pdf2html.py
Other,pdf2img.py
Other,pdfcsv.py
Other,performance.py
Other,periodic.py
Other,pexels-video-downloader.py
Other,photo-gallery-batch-generator.py
Other,pickleshare.py
Other,pip-build-environment.py
Other,pip-install-command.py
Other,pip-installer-bootstrap.py
Other,playlist.py
Other,podcast-studio.py
Other,prepare-missing-song-folders.py
Other,printify-blueprint-downloader.py
Other,process-csv-docs.py
Other,process-imove-backups.py
Other,process-json.py
Other,process-remix.py
Other,processor.py
Other,product-image.py
Other,project.py
Other,pulse.py
Other,pydescribe.py
Other,pyinstaller.py
Other,pytables.py
Other,python-documentation.py
Other,python-lint-complexity.py
Other,python-namer.py
Other,pythoncat.py
Other,pythoncatorize.py
Other,quant-agent.py
Other,quantum.py
Other,quantumforge-cli.py
Other,quantumforgelabs.py
Other,query.py
Other,queue-script.py
Other,quickstart.py
Other,quiz.py
Other,quote-image-generator.py
Other,re-size.py
Other,rebuild.py
Other,recalc.py
Other,recovery.py
Other,reddit.py
Other,refresolver-v1.py
Other,remove-background.py
Other,remove-duplicate-files.py
Other,remove-duplicates.py
Other,remove-redundant-prefixes.py
Other,render-text.py
Other,rephrase.py
Other,replace.py
Other,research-assistant.py
Other,reset-following.py
Other,resize.py
Other,resizer.py
Other,resolution.py
Other,resource-manager.py
Other,restarter.py
Other,retrieve-docs.py
Other,revenue-engine.py
Other,rich-theme.py
Other,riddle.py
Other,robust.py
Other,save-ai-outputs.py
Other,save-exit.py
Other,savify.py
Other,scan-and-categorize-files.py
Other,scancsv.py
Other,scanpython.py
Other,scanpythons.py
Other,scheme.py
Other,scrape.py
Other,scraper.py
Other,scraping-download-intelligent.py
Other,scraping-download-news-api-fetcher.py
Other,scraping-download-scrape.py
Other,screenshot-generate.py
Other,script-simple.py
Other,scripts.py
Other,scriptwrapper.py
Other,scripty.py
Other,search-claude-conversations.py
Other,search.py
Other,second-pass-migration.py
Other,secret.py
Other,selenium-cookie-login.py
Other,send-notification.py
Other,services-gallery.py
Other,services-s3bucket.py
Other,services.py
Other,setters.py
Other,setup-browser.py
Other,setup-legacy.py
Other,setup-simple.py
Other,setuptools.py
Other,sheets.py
Other,shorts-code.py
Other,simple-effective.py
Other,simple-image-display.py
Other,simple-interaction-good.py
Other,simple-photo-gallery.py
Other,simple.py
Other,simplify.py
Other,singleton.py
Other,sitemap-random-product-extractor.py
Other,skip-8below.py
Other,skip-image-fixer.py
Other,skiprows.py
Other,slide.py
Other,smart-archive-backups.py
Other,smart-dedup.py
Other,smart.py
Other,snoopbanner.py
Other,snoopplugins.py
Other,social-platforms-instagram-bot-error.py
Other,social-platforms-instagram.py
Other,society6-upload.py
Other,software.py
Other,song-process.py
Other,sora-sora-storyboard.py
Other,sorts.py
Other,sound.py
Other,speak.py
Other,speech-transcription-mp3-wav.py
Other,speech.py
Other,speek.py
Other,split-chunks.py
Other,split.py
Other,splt.py
Other,sqs-queue-handler.py
Other,stability-format.py
Other,stability-medium.py
Other,stability.py
Other,start-with.py
Other,static.py
Other,sticker-download.py
Other,story-section.py
Other,story-trans.py
Other,storykeytrans.py
Other,streamlabs-polly.py
Other,stylish-unfollow-tips.py
Other,subcomponents.py
Other,subject.py
Other,subreddit.py
Other,subredditsentiment-apps.py
Other,subtitle.py
Other,sufflecsv.py
Other,super-flatten.py
Other,super-simple-setting.py
Other,synthesize.py
Other,sysinfo.py
Other,system-monitor.py
Other,system.py
Other,targeted-v1.py
Other,tehsites-complete.py
Other,telegraph-download-images.py
Other,temp-file-manager.py
Other,template-code.py
Other,template.py
Other,test-v3.py
Other,testfonts-v1.py
Other,testjoin-v1.py
Other,textgenerator-1.py
Other,textgenerator.py
Other,texttospeech-v1.py
Other,thumbnail.py
Other,thumbs.py
Other,tiktok-compile-videos-v1.py
Other,to-html-gallery.py
Other,tocpdf.py
Other,tools.py
Other,track.py
Other,transcribe-analyze-local.py
Other,transcribe.py
Other,transcriber.py
Other,transcript-prompts.py
Other,transcript.py
Other,transcription.py
Other,translation.py
Other,twitch-download.py
Other,twitch-exceptions.py
Other,typography.py
Other,ufunc.py
Other,ultra.py
Other,undo-collection-and-merge.py
Other,undo-move.py
Other,unified-workflow-poc.py
Other,unused.py
Other,upload-api.py
Other,upload-content.py
Other,upload-manager.py
Other,upload-products.py
Other,upload-simple.py
Other,upload.py
Other,uploader.py
Other,upscale-and-upload.py
Other,upscale-images.py
Other,upscale-sips.py
Other,upscale.py
Other,upscalecreateimages.py
Other,upscaler.py
Other,upwork.py
Other,usecols.py
Other,user.py
Other,util-json-handler.py
Other,utilities-async.py
Other,utilities-misc.py
Other,utilities-upscale-images.py
Other,utils-1.py
Other,utils-simple.py
Other,validate-json-reader.py
Other,vanceai-remove-background.py
Other,verbose-transcriber.py
Other,verbose.py
Other,verify-and-sort-missing-songs.py
Other,verify-connection.py
Other,verify.py
Other,vision.py
Other,visual.py
Other,voice.py
Other,voices.py
Other,walk-directories-recursive.py
Other,webm.py
Other,whisper-transcriber.py
Other,whisper-transcript.py
Other,wiggle.py
Other,word-validate-changes.py
Other,workspace-audit.py
Reddit,reddit-download.py
Reddit,reddit-scrape.py
Reddit,reddit-tts-video-maker.py
Suno Music,suno-album-file-organizer.py
Suno Music,suno-albums-folder-organizer.py
Suno Music,suno-card-html.py
Suno Music,suno-content-creation-suno.py
Suno Music,suno-discography.py
Suno Music,suno-extract-songs.py
Suno Music,suno-extract-suno-html.py
Suno Music,suno-generator.py
Suno Music,suno-html-scraper.py
Suno Music,suno-html-splitter.py
Suno Music,suno-merge-csv.py
Suno Music,suno-merge-suno-csv.py
Suno Music,suno-model.py
Suno Music,suno-music-catalog.py
Suno Music,suno-music-sort-dedup.py
Suno Music,suno-prompt-analyzer.py
Suno Music,suno-scrape-suno-api.py
Text-to-Speech,gtts-text-to-speech.py
Text-to-Speech,misc-gtts.py
Text-to-Speech,pyttsx3-tts.py
Text-to-Speech,thinketh-tts-adaptive.py
Text-to-Speech,thinketh-tts-asmr.py
Text-to-Speech,thinketh-tts-main.py
Text-to-Speech,thinketh-tts-scripty.py
Text-to-Speech,thinketh-tts-transcription.py
Text-to-Speech,thinketh-tts-universal.py
Video Processing,video-clip-editor.py
Video Processing,video-generator-pyqt-app.py
