file,syntax_ok,error,size_kb,lines
15day.py,True,,1.7822265625,59
15days.py,True,,1.74609375,58
2leomotion.py,True,,3.2568359375,105
2mentest.py,True,,1.3408203125,51
AskReddit.py,True,,8.1953125,213
CLEANUP_SUNO_TOOLS.py,True,,4.435546875,122
Multi-Modal.py,True,,24.298828125,605
MultiThread.py,True,,3.626953125,140
PSDImage.py,True,,22.919921875,748
SendNotification.py,True,,0.6943359375,32
WhisperTranscriber.py,True,,7.349609375,206
_RefreshThread.py,True,,14.99609375,411
adaptive-content-awareness.py,True,,25.51953125,726
add_text.py,True,,1.736328125,65
adown.py,True,,2.83984375,122
advanced_content_pipeline.py,True,,13.3662109375,364
against.py,True,,4.05859375,122
agent.py,True,,2.376953125,72
aggressive-filename-cleaner.py,True,,10.1884765625,331
aggressive-renamer.py,True,,14.9033203125,431
ai-conversation-exports.py,True,,7.234375,188
ai-stability-code.py,True,,37.67578125,982
album-sorting.py,True,,4.177734375,134
album.py,True,,3.0087890625,104
albums.py,True,,2.56640625,70
alchemy-quiz.py,True,,4.677734375,151
alias.py,True,,9.5830078125,287
alphabet.py,True,,4.3837890625,145
anthropic-download.py,True,,29.001953125,774
api.py,True,,4.919921875,135
api_key_inventory.py,True,,13.3759765625,347
api_key_inventory_v2.py,True,,10.9501953125,286
application-query-expanison.py,True,,1.65234375,57
application-self-query.py,True,,1.55078125,53
apply-improvements.py,True,,4.71875,160
approve.py,True,,0.5419921875,24
apps-render.py,True,,1.4326171875,58
apps.py,True,,1.0458984375,28
archive-reader.py,True,,21.513671875,598
ascii-python.py,True,,8.2529296875,267
askreddit-loop-1.py,True,,5.2294921875,153
askredditbot.py,True,,0.1328125,10
audio-app.py,True,,4.4912109375,151
audio-sub.py,True,,2.6474609375,94
audio-thinketh.py,True,,4.51171875,137
audio.py,True,,1.66015625,64
audiobook-producer.py,True,,15.4853515625,352
autocall.py,True,,1.9306640625,76
autofill.py,True,,3.609375,115
automated-fixer.py,True,,6.5654296875,189
automation-playwright-screenshot.py,True,,1.9365234375,55
automation-selenium-content.py,True,,19.716796875,480
autonomous-content-agency.py,True,,25.4814453125,740
avatar-download.py,True,,2.9052734375,125
backlinker.py,True,,1.5634765625,50
backup-avatararts-system.py,True,,17.841796875,554
backup-installations.py,True,,1.3671875,51
backupcsv.py,True,,2.1279296875,66
base-classes.py,True,,16.931640625,414
base-gallery-logic.py,True,,1.8916015625,54
basic-follow-unfollow.py,True,,3.2626953125,116
basics.py,True,,8.8251953125,283
batch-1.py,True,,15.4169921875,433
batch-folder-writer.py,True,,2.3251953125,72
batch-image.py,True,,15.4169921875,433
batch-info.py,True,,5.083984375,165
batch-processor.py,True,,1.8857421875,71
batch.py,True,,24.81640625,699
batch.py.bak.py,True,,4.9033203125,162
batch_transcript_finder.py,True,,4.103515625,128
black-white.py,True,,0.9638671875,38
block-bots.py,True,,0.8916015625,35
bookmarks.py,True,,0.708984375,30
bot-library.py,True,,32.861328125,976
botInstagram.py,True,,1.357421875,65
botLike.py,True,,5.9462890625,212
bot_photo.py,True,,3.9345703125,125
brand-builder.py,True,,9.560546875,356
brand.py,True,,0.7021484375,28
breakdown.py,True,,1.83203125,65
bubblespider-amazon-scraper.py,True,,1.33203125,45
build.py,True,,5.6201171875,175
bulk-renamer.py,True,,8.1474609375,256
business-intelligence.py,True,,8.7158203125,280
button.py,True,,12.779296875,328
buttons.py,True,,4.6591796875,131
cache.py,True,,0.4052734375,19
calculator.py,True,,1.5224609375,56
capture.py,True,,5.2080078125,169
catalog-to-csv.py,True,,5.2724609375,140
categorizer.py,True,,3.3330078125,108
category-readme-generator.py,True,,6.4267578125,232
chat-base.py,True,,0.6171875,28
chatgpt-conversation-exporter.py,True,,17.9453125,509
chatgpt.py,True,,6.7294921875,190
chatprompt.py,True,,1.439453125,56
check-1.py,True,,0.4296875,19
check-modules.py,True,,1.4072265625,54
check-quality.py,True,,3.4755859375,94
check.py,True,,3.1298828125,75
check_file.py,True,,2.7197265625,85
checkpoint.py,True,,2.1884765625,79
classify.py,True,,6.0107421875,185
claude-anthropic-download.py,True,,49.0322265625,1307
claude-chief.py,True,,30.50390625,946
claude-code-review-system.py,True,,10.7919921875,388
claude-deep.py,True,,28.193359375,799
claude.py,True,,1.1513671875,39
clean_folder_names_no_vols.py,True,,10.8525390625,286
cleanup-messy-names.py,True,,13.8720703125,400
cli-config-manager.py,True,,30.087890625,796
cli.py,True,,2.9775390625,103
client-v1.py,True,,7.9091796875,265
clipEditor.py,True,,7.240234375,225
clips-1.py,True,,4.7421875,180
cloud-services-aws-streamlit.py,True,,19.1865234375,541
cloud-services-delete.py,True,,2.3681640625,79
cloud-services-sagemaker.py,True,,7.5810546875,199
code-apply-improvements.py,True,,16.8701171875,493
codebase.py,True,,7.4931640625,206
collect-stats.py,True,,0.7705078125,32
combiner.py,True,,2.0361328125,81
compare-content.py,True,,18.33984375,784
compare-files.py,True,,5.796875,157
compare_versions.py,True,,5.791015625,205
compile.py,True,,1.3505859375,43
comprehensive_dedup_rename.py,True,,5.7001953125,170
comprehensive_folder_consolidation.py,True,,15.1630859375,401
comprehensive_music_content_scan.py,True,,25.6298828125,604
comprehensive_transcript_search.py,True,,7.62109375,225
comprehensive_verifier.py,True,,8.0361328125,231
computer.py,True,,14.3857421875,408
confcli.py,True,,2.4521484375,102
config.py,True,,1.0478515625,43
config.py.py,True,,3.0546875,78
consolidate_versions.py,True,,4.189453125,143
consolidation.py,True,,18.037109375,430
constants.py,True,,2.38671875,73
contacts.py,True,,1.95703125,64
content-aware.py,True,,11.1416015625,322
content-creation-leonardo.py,True,,2.6171875,94
content-creation-nocturne.py,True,,2.33984375,71
content-creation-suno.py,True,,4.296875,142
content-factory.py,True,,11.8291015625,357
content_aware_organizer.py,True,,22.923828125,636
conversation.py,True,,12.09375,369
conversion.py,True,,7.5048828125,212
convert-aiff-to-mp3.py,True,,1.7841796875,70
convert-json-writer.py,True,,6.6005859375,213
convert-loop.py,True,,5.6025390625,176
convert-loop2.py,True,,5.974609375,192
convert-mp4-transcribe.py,True,,1.814453125,60
convert-video-segments.py,True,,1.86328125,59
convert.py,True,,12.9462890625,396
converters.py,True,,3.53515625,143
converts.py,True,,2.513671875,78
convertupscale.py,True,,1.9697265625,68
cover.py,True,,1.7177734375,62
crawl.py,True,,5.9013671875,194
create-audiobook.py,True,,1.3203125,37
create-files.py,True,,3.7001953125,116
create-gallery.py,True,,4.326171875,143
create-strip.py,True,,1.3984375,48
create_reorganization_plan.py,True,,12.529296875,349
createdb.py,True,,0.1455078125,6
createimages.py,True,,5.96875,173
cross_directory_merger.py,True,,16.498046875,476
csv-extract-webm-files.py,True,,0.76953125,29
csvmerge.py,True,,2.064453125,74
csvsort.py,True,,1.8232421875,64
custom-thumbnail.py,True,,5.5419921875,156
cutout-process.py,True,,2.619140625,86
dalle-prompt.py,True,,3.166015625,110
dallecsv.py,True,,1.0791015625,48
database-clients-extract.py,True,,15.4091796875,471
database.py,True,,9.0361328125,304
decorator.py,True,,1.177734375,34
deep-code.py,True,,29.1376953125,752
deep-content.py,True,,18.2001953125,496
deep-level.py,True,,19.9140625,569
deep.py,True,,13.908203125,386
deep_content_cross_reference.py,True,,22.2236328125,541
deepgram-updated.py,True,,2.939453125,101
deepgram_test.py,True,,2.0732421875,74
defaults.py,True,,1.21484375,47
delete-endpoint.py,True,,2.3681640625,79
delete-posts.py,True,,0.568359375,25
delete.py,True,,1.2197265625,45
denoiser.py,True,,4.052734375,127
deploy-sagemaker.py,True,,7.724609375,171
development-apps-input.py,True,,7.05078125,286
development-frameworks-python.py,True,,10.1259765625,287
development-gui-apps-hooks.py,True,,5.4609375,170
development-process-proc.py,True,,5.41796875,168
development-utils-jsonutil.py,True,,5.9306640625,199
devops.py,True,,17.001953125,479
diagnose.py,True,,7.53515625,264
direct.py,True,,7.6455078125,247
directory-organizer.py,True,,12.279296875,380
discography-grid-html.py,True,,5.04296875,171
discography-html.py,True,,5.037109375,171
discography.py,True,,12.623046875,341
displayhook.py,True,,3.6748046875,126
documents.py,True,,5.8154296875,176
domination-engine.py,True,,25.509765625,798
down.py,True,,1.373046875,46
download-1.py,True,,10.4697265625,261
download-2.py,True,,22.234375,553
download-3.py,True,,33.78125,1141
download-4.py,True,,20.3095703125,562
download-data.py,True,,1.7216796875,50
download-files.py,True,,3.65625,122
download-simple.py,True,,2.9736328125,98
download.py,True,,1.50390625,56
download_vid.py,True,,15.9228515625,445
downloader-progress.py,True,,2.400390625,87
downloadr.py,True,,3.9580078125,153
downloads-index-builder.py,True,,11.1572265625,333
downloads.py,True,,21.1552734375,611
downs.py,True,,1.50390625,56
drive-compare.py,True,,8.611328125,279
dthumb.py,True,,2.7041015625,88
dualdomainstrategy-v1.py,True,,36.7900390625,879
dummies.py,True,,13.0224609375,442
dupes.py,True,,5.595703125,177
duplicate-cleaner.py,True,,9.697265625,280
dynamic.py,True,,7.865234375,221
ecommerce-payments-deep.py,True,,17.91015625,539
ecosystem-insights.py,True,,9.494140625,289
ecosystem-master.py,True,,27.4326171875,785
edit.py,True,,22.4228515625,566
editorhooks.py,True,,4.017578125,138
elevenlabs.py,True,,1.2626953125,55
eliminate.py,True,,8.765625,283
emotional.py,True,,8.455078125,257
empty.py,True,,5.1318359375,179
encoding.py,True,,10.6943359375,337
environment.py,True,,0.451171875,20
etree.py,True,,6.380859375,227
etsy-image-metadata.py,True,,3.08203125,102
etsy-sort.py,True,,2.74609375,83
evaluate.py,True,,9.2021484375,262
evaluation.py,True,,13.009765625,429
events.py,True,,5.279296875,175
excel-intelligent-organizer.py,True,,23.310546875,646
exceptions.py,True,,1.572265625,50
excolors.py,True,,5.056640625,162
export-ai-conversations.py,True,,29.3447265625,820
export-warehouse.py,True,,3.0322265625,102
extract-files.py,True,,1.7216796875,62
extract-songs.py,True,,4.3359375,136
extract-suno-html.py,True,,9.6201171875,294
extract-to-audio.py,True,,2.08203125,52
extract-video-reader.py,True,,2.7880859375,96
extract.py,True,,6.6513671875,179
extract_archived_content.py,True,,21.341796875,515
extract_topic.py,True,,2.109375,56
fancyimg.py,True,,3.07421875,94
fancyname.py,True,,3.5078125,115
fetcher.py,True,,0.9853515625,35
ffmpeg-help.py,True,,4.8798828125,151
ffmpeg-robot.py,True,,9.3740234375,263
ffmpeg.py,True,,5.390625,154
ffmpegdl.py,True,,3.072265625,107
file-io.py,True,,0.9560546875,32
file-uploader.py,True,,3.556640625,159
files-csv.py,True,,3.095703125,105
fill.py,True,,4.865234375,118
filter-blacklist-hashtag.py,True,,0.64453125,27
filter-private-profiles.py,True,,0.4365234375,19
filtercreator.py,True,,5.7294921875,163
final-root-organizer.py,True,,9.6318359375,283
final_cleanup_extras.py,True,,15.5498046875,404
final_comprehensive_scan.py,True,,9.5029296875,286
final_consolidation.py,True,,19.1572265625,462
final_consolidator.py,True,,10.48046875,302
finder.py,True,,5.4658203125,163
finetune-unsloth.py,True,,13.0791015625,401
fix_bare_except.py,True,,14.3447265625,424
fix_transcript_names.py,True,,16.4169921875,409
fixer.py,True,,1.6337890625,62
float.py,True,,2.572265625,78
fluid-document-sweep.py,True,,20.669921875,659
folder.py,True,,1.1845703125,42
follow-last-user.py,True,,0.857421875,33
follow-requests.py,True,,0.7236328125,25
follow-user-followers.py,True,,0.7880859375,33
follow-user-following.py,True,,0.62890625,27
follow-users-from.py,True,,0.8310546875,33
follow-users.py,True,,0.677734375,28
followers.py,True,,2.3935546875,91
formdata.py,True,,5.9619140625,172
fundamental-analysis.py,True,,1.1572265625,37
gallery-city-logic.py,True,,8.208984375,214
gallery-init-remote.py,True,,9.658203125,298
gallery-logic.py,True,,3.6572265625,102
gallery.py,True,,13.7861328125,394
gdrive.py,True,,2.1943359375,83
generate-emotional-audio.py,True,,19.193359375,520
generate-text-overlay.py,True,,3.09765625,101
generate.py,True,,0.53515625,20
generatetexts-1.py,True,,1.3369140625,48
generatetexts.py,True,,0.6357421875,27
generation.py,True,,5.0634765625,152
genshi.py,True,,2.4091796875,94
get-threads.py,True,,1.3955078125,48
get_file.py,True,,4.654296875,147
get_gal.py,True,,4.9970703125,153
get_hashtags_from.py,True,,1.8701171875,83
get_simple.py,True,,1.744140625,63
getattr.py,True,,3.7646484375,121
getipython.py,True,,0.89453125,25
giphy-download.py,True,,9.6064453125,306
giphy_downloader.py,True,,7.29296875,203
github_repo_audit.py,True,,12.51953125,403
gmupload.py,True,,3.1640625,109
goapi.py,True,,1.005859375,30
good-usage.py,True,,5.064453125,155
groq-cli.py,True,,3.5576171875,125
gtts-text-to-speech.py,True,,0.5703125,30
gui-apps-get.py,True,,2.3525390625,100
handle.py,True,,3.6015625,103
handlers.py,True,,3.3759765625,112
hardcoded.py,True,,7.7939453125,260
harvester.py,True,,1.0478515625,43
helpers.py,True,,2.5400390625,76
html-keep.py,True,,18.9150390625,519
html.py,True,,3.4345703125,125
html_dom_tree.py,True,,14.169921875,508
ident.py,True,,6.1533203125,195
identify_user_scripts.py,True,,16.0419921875,511
image-1.py,True,,2.91796875,92
image-9mb-up.py,True,,5.4990234375,174
image-aws_sqs_queue.py,True,,6.900390625,212
image-create.py,True,,3.279296875,99
image-downloadr_api.py,True,,4.5947265625,144
image-downloadr_batch.py,True,,5.0712890625,152
image-enrichment.py,True,,3.3017578125,117
image-generater.py,True,,4.12890625,146
image-get_batch.py,True,,6.4365234375,194
image-img-prompt.py,True,,6.4052734375,207
image-metadata-gpt4o.py,True,,7.5341796875,241
image-pics.py,True,,6.5869140625,226
image-reader.py,True,,8.3974609375,272
image-resize-aspect-ratios.py,True,,5.9384765625,212
image-resize.py,True,,6.5224609375,204
image-search.py,True,,2.7236328125,99
image-taggy.py,True,,5.2412109375,156
image-ultimate.py,True,,25.4599609375,594
image-uploadr.py,True,,6.525390625,238
images-individual.py,True,,1.115234375,44
img2img.py,True,,2.19921875,75
imgconvert.py,True,,1.9716796875,70
imgmp.py,True,,2.171875,74
imgupscale.py,True,,3.5126953125,95
imove.py,True,,1.1552734375,34
implement.py,True,,13.5224609375,343
import-clean-conversations.py,True,,6.5654296875,134
indent.py,True,,0.900390625,31
inference.py,True,,5.263671875,141
infinity-feedliker.py,True,,0.6083984375,30
infinity-hashtags-follower.py,True,,0.76171875,33
infinity-hashtags-liker.py,True,,0.7060546875,32
init.py,True,,9.662109375,296
init2.py,True,,9.69921875,299
instabot-api-prepare.py,True,,3.56640625,106
instabot-bot-youtube-user-id.py,True,,32.5673828125,1043
instabot-devices.py,True,,3.4462890625,123
instagram-botComment.py,True,,7.2509765625,242
instagram-build.py,True,,4.7802734375,92
instagram-direct-send-photo.py,True,,0.55078125,24
instagram-download-1.py,True,,2.7080078125,99
instagram-download-photos.py,True,,0.6767578125,28
instagram-download-user-videos.py,True,,1.2509765625,49
instagram-download-your-photos.py,True,,0.2685546875,19
instagram-download.py,True,,17.2607421875,507
instagram-models.py,True,,3.021484375,106
instagram-openai-download.py,True,,3.3125,105
instagram-parse.py,True,,2.962890625,94
instagram-processor.py,True,,2.19140625,87
instagram-repost-photo.py,True,,1.50390625,60
instagram-save-users-followers.py,True,,0.76171875,30
instagram-script_simple.py,True,,7.9423828125,233
instagram-setup.py,True,,4.5380859375,198
instagram-upload-story-photo.py,True,,0.58203125,20
instagram-upload.py,True,,0.484375,24
instagram.py,True,,1.748046875,56
installations.py,True,,1.3974609375,52
instareport-libs-attack.py,True,,15.630859375,415
instareport-libs-utils.py,True,,1.884765625,82
intelligent-merger.py,True,,30.9580078125,755
intelligent-organization.py,True,,37.6953125,1064
intelligent-renamer.py,True,,23.6005859375,669
intelligent_code_orchestrator.py,True,,18.19140625,469
intelligent_dedup.py,True,,23.1455078125,681
intelligent_renamer-1.py,True,,39.3466796875,955
intelligent_renamer.py,True,,20.7421875,606
interact.py,True,,1.4794921875,59
ipython.py,True,,3.2216796875,99
issue.py,True,,0.5263671875,26
kaleidoscope.py,True,,6.3291015625,214
kartoon.py,True,,1.6806640625,49
kernelapp.py,True,,2.91796875,96
launcher.py,True,,6.3720703125,192
leodown.py,True,,1.466796875,60
leoimg.py,True,,1.3974609375,48
leonardo-convert.py,True,,7.0517578125,225
leonardo-download-1.py,True,,7.0166015625,223
leonardo-download.py,True,,2.6171875,94
leonardo-process.py,True,,1.65234375,60
leonardo.py,True,,8.8408203125,264
leoup.py,True,,1.900390625,81
lexica.py,True,,1.10546875,37
like-follow.py,True,,1.337890625,55
like-hashtags-from.py,True,,0.79296875,33
like-hashtags.py,True,,0.6259765625,27
like-location-feed.py,True,,0.5986328125,20
like-user-followers.py,True,,0.6416015625,27
like-user-following.py,True,,0.642578125,27
like-users-from.py,True,,0.8740234375,34
like-users.py,True,,0.693359375,28
like-your-last.py,True,,0.9580078125,41
list.py,True,,2.3505859375,100
logic.py,True,,2.4208984375,67
login.py,True,,2.001953125,59
loop-upscale.py,True,,2.4248046875,78
loop.py,True,,12.791015625,326
lyrics-storyboards.py,True,,2.12109375,70
macro.py,True,,1.81640625,61
makecompilation-v1.py,True,,1.9423828125,77
manage-repo.py,True,,47.0234375,1707
markdown.py,True,,6.7646484375,229
market-research-platform.py,True,,23.1162109375,736
massive.py,True,,2.056640625,58
master-rename-utility.py,True,,28.87890625,875
media-catalog.py,True,,1.92578125,67
media-processing-audio.py,True,,6.6669921875,154
media.py,True,,8.2998046875,270
merge-1.py,True,,0.546875,24
merge-csv.py,True,,9.080078125,241
merge-suno-csv.py,True,,10.3525390625,313
merge_moonlight_and_misc.py,True,,9.833984375,269
merge_other_content_albums.py,True,,5.1005859375,159
merged-content.py,True,,1.7236328125,53
message-users.py,True,,2.888671875,93
meta.py,True,,1.25390625,49
metadata.py,True,,2.8828125,89
migration-plan.py,True,,7.7744140625,224
misc-display.py,True,,1.091796875,44
misc-gtts.py,True,,0.5712890625,31
misc-info.py,True,,1.7568359375,43
misc-merge.py,True,,1.9130859375,77
misc-midj.py,True,,0.6904296875,31
misc-play.py,True,,0.04296875,2
misc-prompts.py,True,,2.4111328125,65
misc-pyttsx.py,True,,1.33984375,52
misc-resize.py,True,,0.625,48
mixer.py,True,,0.666015625,25
mklabels.py,True,,1.3564453125,68
model-evaluation-evaluate.py,True,,8.8642578125,231
model-evaluation-sagemaker.py,True,,2.033203125,68
model-finetuning-sagemaker.py,True,,2.49609375,74
model.py,True,,1.3818359375,51
models.py,True,,4.0634765625,100
morph.py,True,,11.6689453125,352
move-date.py,True,,1.05859375,35
move-improvements.py,True,,10.1826171875,292
move.py,True,,2.2109375,78
mp3_batch_timestamper.py,True,,8.4609375,198
mp4s.py,True,,5.8876953125,133
multi.py,True,,28.7314453125,627
music-catalog.py,True,,2.2587890625,74
mydesgin.py,True,,0.9990234375,36
mydesign-download.py,True,,2.7705078125,83
mydesigner.py,True,,3.5009765625,122
myinfo.py,True,,0.599609375,26
named.py,True,,6.974609375,217
nanobanana.py,True,,21.4951171875,635
nativetypes.py,True,,4.1982421875,133
nested.py,True,,1.9443359375,57
newsletter-empire.py,True,,10.46875,344
onedrive-gallery-logic.py,True,,3.767578125,107
openai-content-creation-nocturne.py,True,,1.2802734375,52
openai-download.py,True,,11.1298828125,259
openai-generate.py,True,,1.490234375,49
openai-image-generater.py,True,,3.14453125,96
openai-media-processing-image.py,True,,3.2412109375,117
openai-missingapikeyerror.py,True,,2.08984375,74
openai-setup.py,True,,4.322265625,158
openai-text-to-speech.py,True,,1.45703125,52
openai-transcribe-audio.py,True,,4.3837890625,125
openai.py,True,,2.92578125,101
optimizer.py,True,,1.68359375,53
optional.py,True,,3.287109375,110
organize-directory.py,True,,12.912109375,330
organize-files.py,True,,21.7734375,541
organize.py,True,,12.4072265625,349
organizer.py,True,,2.5517578125,73
origin-date.py,True,,4.2568359375,149
oshelper.py,True,,3.17578125,125
other.py,True,,7.421875,242
other_simple.py,True,,7.587890625,251
output.py,True,,0.861328125,32
page.py,True,,13.740234375,308
pager.py,True,,0.8974609375,41
pandas_get_numeric.py,True,,10.3818359375,347
pandas_interchange_column.py,True,,3.771484375,121
parse.py,True,,3.658203125,103
parse_api.py,True,,9.2861328125,218
parse_main.py,True,,6.9296875,216
parse_simple.py,True,,2.9228515625,101
payload.py,True,,13.1474609375,426
payloadpage.py,True,,1.404296875,56
pdf2html.py,True,,2.11328125,65
pdf2img.py,True,,0.6298828125,28
pdfcsv.py,True,,0.15234375,7
performance.py,True,,9.232421875,274
periodic.py,True,,27.3974609375,756
pickleshare.py,True,,9.83203125,360
pip_build_environment.py,True,,9.029296875,302
pip_install_command.py,True,,8.576171875,303
pip_installer_bootstrap.py,True,,2583.3369140625,33356
pipeline.py,True,,3.05859375,101
playing.py,True,,4.0478515625,152
playlist.py,True,,6.7314453125,215
podcast-studio.py,True,,13.986328125,426
polly.py,True,,2.6123046875,93
posttextparser.py,True,,0.888671875,38
prepare_missing_song_folders.py,True,,15.8203125,410
preservation-renamer.py,True,,18.013671875,509
printify-organize.py,True,,7.291015625,239
process-audio.py,True,,12.439453125,407
process-csv.py,True,,10.34375,327
process-json.py,True,,31.072265625,797
process-proc-2.py,True,,0.8330078125,31
process-proc_api.py,True,,18.71484375,476
process-proc_simple.py,True,,2.1083984375,55
process-remix.py,True,,8.7099609375,244
process.py,True,,6.6826171875,184
processing-categories.py,True,,2.2744140625,87
processing-csv-docs_simple.py,True,,6.5791015625,210
processing-docs.py,True,,7.09765625,220
processing-doubles.py,True,,4.87109375,155
processing-fdupes.py,True,,0.53515625,20
processing-imove.py,True,,1.1767578125,35
processing-json.py,True,,2.0517578125,96
processing-pandas-docs.py,True,,2.455078125,73
processing-pandas-json.py,True,,2.3818359375,78
processing-pandas.py,True,,2.4296875,72
processing.py,True,,6.2724609375,198
processor-transcript.py,True,,7.5458984375,245
processor.py,True,,7.48046875,235
processr.py,True,,1.65234375,60
product-image.py,True,,1.2822265625,47
project.py,True,,15.1875,493
protocols.py,True,,6.990234375,224
pulse.py,True,,9.2001953125,296
py3compat.py,True,,1.55859375,63
pydescribe.py,True,,3.384765625,108
pyinstaller.py,True,,1.142578125,33
pyorganize.py,True,,2.412109375,81
pytables.py,True,,0.3779296875,17
python-aggressive-cleanup.py,True,,20.1064453125,584
python-documentation.py,True,,15.8369140625,473
python-filename-cleanup.py,True,,16.8203125,464
python-intelligent-rename.py,True,,94.0947265625,2600
python-lint-complexity.py,True,,1.6337890625,62
python-namer.py,True,,4.9033203125,162
pythoncat.py,True,,3.3330078125,108
pythoncatorize.py,True,,2.251953125,81
quant-agent.py,True,,1.1337890625,36
quantum.py,True,,1.4169921875,39
quantumforgelabs.py,True,,15.162109375,363
query.py,True,,1.6513671875,56
queue-script.py,True,,3.455078125,104
quickstart.py,True,,1.0,38
quiz.py,True,,1.3310546875,45
re-size.py,True,,5.4443359375,157
rebuild.py,True,,2.3447265625,77
recalc.py,True,,6.5849609375,207
recovery.py,True,,8.1123046875,232
reddit-download.py,True,,4.14453125,149
reddit-scrape.py,True,,2.8486328125,78
reddit.py,True,,1.7978515625,69
refresolver-v1.py,True,,5.548828125,187
rename.py,True,,4.97265625,133
rename_by_purpose.py,True,,6.4794921875,175
renamer.py,True,,16.6103515625,485
render_text.py,True,,12.251953125,402
reorganize.py,True,,14.9443359375,411
reorganize_by_service.py,True,,6.7265625,194
rephrase.py,True,,1.54296875,56
replace.py,True,,13.4140625,386
reportbot.py,True,,2.1865234375,109
request.py,True,,3.9033203125,138
requirements.py,True,,8.49609375,325
research-assistant.py,True,,12.607421875,418
reset_following.py,True,,2.3212890625,93
resize.py,True,,8.3828125,267
resizer.py,True,,4.6650390625,145
resolution.py,True,,0.806640625,34
resource-manager.py,True,,1.62109375,48
response.py,True,,3.427734375,108
restarter.py,True,,5.7890625,169
retrieve-docs.py,True,,4.115234375,117
revenue-engine.py,True,,27.79296875,867
riddle.py,True,,2.8603515625,102
robust.py,True,,35.794921875,923
root-scripts.py,True,,6.6162109375,215
run-all-renamers.py,True,,8.30078125,278
safeduplicatecleanup-v1.py,True,,7.46875,213
sample-config.py,True,,2.138671875,60
save-ai-outputs.py,True,,4.837890625,167
save-exit.py,True,,3.0791015625,112
save-unfollowers-into.py,True,,0.8779296875,38
save-users-following.py,True,,0.76171875,30
savify.py,True,,12.7421875,396
scancsv.py,True,,1.15234375,46
scanpython.py,True,,1.830078125,64
scanpythons.py,True,,2.29296875,78
scheme.py,True,,0.7197265625,31
scrape-suno-api.py,True,,9.7724609375,293
scrape.py,True,,2.4208984375,83
scraper.py,True,,1.3330078125,53
scraping-download-intelligent.py,True,,11.6875,328
scraping-download-news_api_fetcher.py,True,,5.884765625,199
scraping-download-scrape.py,True,,0.4296875,17
screenshot-generate.py,True,,4.0234375,116
script_simple.py,True,,2.9814453125,99
scripts.py,True,,18.060546875,445
scriptwrapper.py,True,,7.96484375,279
scripty.py,True,,16.3076171875,501
search-claude-conversations.py,True,,5.7412109375,197
search.py,True,,11.0205078125,360
second-pass-migration.py,True,,24.2353515625,569
secret.py,True,,0.212890625,9
services-gallery.py,True,,3.046875,109
services-s3bucket.py,True,,1.7744140625,71
services.py,True,,1.7744140625,71
setters.py,True,,1.404296875,76
settings.py,True,,3.416015625,116
setup.py,True,,21.208984375,758
setup_browser.py,True,,1.45703125,47
setup_legacy.py,True,,1.1708984375,34
setup_simple.py,True,,1.744140625,56
setuptools.py,True,,4.41796875,150
sheets.py,True,,3.578125,114
shorts-code.py,True,,5.029296875,126
simple-effective.py,True,,1.86328125,74
simple-interaction-good.py,True,,2.166015625,75
simple-photo-gallery.py,True,,3.4794921875,121
simple.py,True,,0.1865234375,6
simple_flat_organizer.py,True,,8.8193359375,285
simple_smart_renamer.py,True,,5.779296875,178
simplify-organizer.py,True,,17.6943359375,514
simplify.py,True,,500.728515625,101
singleton.py,True,,0.267578125,11
skip-8below.py,True,,4.9931640625,169
skip-image-fixer.py,True,,5.966796875,173
skiprows.py,True,,9.5498046875,344
slide.py,True,,9.5087890625,303
smart-dedup.py,True,,18.4970703125,493
smart-organizer.py,True,,15.669921875,449
smart.py,True,,18.1298828125,510
smart_archive_backups.py,True,,9.8310546875,296
smart_conservative_renamer.py,True,,17.19921875,451
smart_content_renamer_v2.py,True,,15.6728515625,461
smart_local_renamer.py,True,,7.9814453125,236
smart_rename_versions.py,True,,4.873046875,179
snoopbanner.py,True,,24.015625,428
snoopplugins.py,True,,22.73828125,564
social-platforms-instagram-botError.py,True,,21.3291015625,732
social-platforms-instagram-config.py,True,,49.6533203125,1541
social-platforms-instagram-scraper.py,True,,117.0859375,2917
social-platforms-instagram.py,True,,0.9736328125,34
society6-upload.py,True,,1.2939453125,41
software.py,True,,14.8740234375,399
song-process.py,True,,7.017578125,193
sora-sora-storyboard.py,True,,4.4853515625,126
sort.py,True,,13.642578125,399
sorts.py,True,,9.1923828125,300
sound.py,True,,0.0478515625,4
speak.py,True,,1.677734375,54
speech.py,True,,1.21875,42
speek.py,True,,0.3125,15
split-chunks.py,True,,1.5615234375,47
split.py,True,,1.611328125,54
splt.py,True,,1.4501953125,52
sqs-queue-handler.py,True,,1.0771484375,38
stability-format.py,True,,47.1533203125,1112
stability-medium.py,True,,43.8076171875,1079
stability.py,True,,5.4599609375,105
start-with.py,True,,0.654296875,22
state.py,True,,1.6162109375,73
static.py,True,,0.154296875,9
sticker-download.py,True,,3.7509765625,112
stories-downloader.py,True,,0.5400390625,19
story-section.py,True,,6.5546875,156
story-trans.py,True,,6.515625,149
story.py,True,,2.3291015625,70
storykeytrans.py,True,,6.77734375,155
streamlabs-polly.py,True,,2.07421875,80
structures.py,True,,2.8408203125,97
stylish-unfollow-tips.py,True,,4.451171875,138
subcomponents.py,True,,1.166015625,48
subject.py,True,,7.0849609375,208
subreddit.py,True,,7.068359375,184
subredditsentiment-apps.py,True,,1.9912109375,71
subtitle.py,True,,0.2822265625,9
sufflecsv.py,True,,0.8720703125,36
suno-card-html.py,True,,4.4619140625,143
suno-generator.py,True,,2.234375,74
suno-html-scraper.py,True,,3.130859375,104
suno-music-catalog.py,True,,2.234375,74
super-simple-setting.py,True,,1.5,66
support.py,True,,2.0751953125,75
synthesize.py,True,,53.5263671875,463
sysinfo.py,True,,4.185546875,147
system-monitor.py,True,,8.4384765625,257
system.py,True,,8.564453125,264
targeted-v1.py,True,,4.4375,149
tehsites-complete.py,True,,11.703125,291
telegraph-download-images.py,True,,16.0234375,426
temp-file-manager.py,True,,1.8203125,58
template.py,True,,4.791015625,169
testfonts-v1.py,True,,2.984375,117
testjoin-v1.py,True,,1.5673828125,55
textgenerator-1.py,True,,1.1064453125,45
textgenerator.py,True,,1.1044921875,43
texttospeech-v1.py,True,,1.3408203125,45
thinketh_content_renamer.py,True,,12.4345703125,303
thinketh_content_renamer_from_seo-optimizer.py,True,,12.4345703125,303
thinketh_duplicate_cleanup.py,True,,6.0615234375,164
thinketh_tts_adaptive.py,True,,3.8662109375,116
thinketh_tts_asmr.py,True,,2.8759765625,95
thinketh_tts_main.py,True,,4.52734375,155
thinketh_tts_scripty.py,True,,4.365234375,140
thinketh_tts_universal.py,True,,3.42578125,107
thumbnail.py,True,,2.6650390625,86
thumbs.py,True,,0.4140625,24
to-html-gallery.py,True,,2.3466796875,91
tocpdf.py,True,,0.662109375,29
tools.py,True,,2.2412109375,80
track.py,True,,3.615234375,113
transcribe.py,True,,1.5498046875,61
transcriber.py,True,,8.583984375,258
transcript-prompts.py,True,,5.05859375,140
transcript.py,True,,10.478515625,282
transcription.py,True,,17.22265625,457
translation.py,True,,7.451171875,112
twitch-download.py,True,,1.2919921875,52
twitch-exceptions.py,True,,0.353515625,15
typedefs.py,True,,1.4365234375,55
typography.py,True,,10.869140625,372
ufunc.py,True,,10.33203125,310
ultra.py,True,,82.8349609375,1868
unarchive.py,True,,0.2626953125,19
undo-move.py,True,,1.0576171875,38
undo_collection_and_merge.py,True,,7.2080078125,194
unfollow-everyone.py,True,,0.5283203125,24
unfollow-followers.py,True,,0.537109375,24
unified_workflow_poc.py,True,,19.146484375,577
universe4.py,True,,3.2958984375,100
unlike-users.py,True,,0.6171875,27
unused.py,True,,0.935546875,36
upload-content.py,True,,3.6513671875,124
upload-manager.py,True,,15.54296875,519
upload-products.py,True,,3.689453125,96
upload.py,True,,8.3330078125,256
upload_api.py,True,,5.4287109375,137
upload_simple.py,True,,2.99609375,105
uploader.py,True,,8.3115234375,259
upscale-and-upload.py,True,,3.0361328125,97
upscale-images.py,True,,1.96875,67
upscale-sips.py,True,,7.119140625,230
upscale.py,True,,12.236328125,340
upscalecreateimages.py,True,,5.197265625,163
upscaled.py,True,,6.2431640625,202
upscaler.py,True,,5.9658203125,172
upwork.py,True,,8.3701171875,246
usecols.py,True,,17.80078125,579
user.py,True,,0.80078125,36
util-json-handler.py,True,,2.2412109375,72
utilities-async.py,True,,44.1728515625,152
utilities-misc.py,True,,0.283203125,13
utilities-upscale-images.py,True,,3.3056640625,94
utils-1.py,True,,4.564453125,183
utils.py,True,,3.5078125,122
utils_simple.py,True,,3.556640625,118
validate-json-reader.py,True,,27.85546875,747
validate-settings.py,True,,5.6416015625,176
verbose-transcriber.py,True,,5.8876953125,133
verbose.py,True,,2.3623046875,87
verify-connection.py,True,,1.7255859375,58
verify.py,True,,7.74609375,247
verify_and_sort_missing_songs.py,True,,16.548828125,404
video-clip-editor.py,True,,0.3876953125,23
vision.py,True,,1.9072265625,66
visual.py,True,,15.0205078125,555
voice.py,True,,3.0322265625,111
voices.py,True,,1.26171875,36
webm.py,True,,1.5595703125,53
welcome-message.py,True,,2.3798828125,90
whisper-transcript.py,True,,7.47265625,190
whisper.py,True,,1.67578125,71
whispertext-combine.py,True,,2.0400390625,82
whispertext.py,True,,2.0458984375,82
whitelist.py,True,,0.9921875,38
wiggle.py,True,,10.31640625,313
word-validate-changes.py,True,,11.029296875,282
workspace-audit.py,True,,13.5576171875,434
ygpt-utils-textgenerator.py,True,,1.10546875,44
youtube-VIEWBOT.py,True,,15.7626953125,285
youtube-adjust-image.py,True,,5.794921875,159
youtube-artname.py,True,,0.4296875,23
youtube-audio-downloadr.py,True,,6.3994140625,171
youtube-authentication.py,True,,0.6826171875,26
youtube-awsqueue.py,True,,1.0771484375,38
youtube-background.py,True,,1.7666015625,56
youtube-bash-tool.py,True,,2.205078125,74
youtube-bot-1.py,True,,5.291015625,190
youtube-browser.py,True,,2.3486328125,79
youtube-bulk-upload.py,True,,1.1279296875,46
youtube-button.py,True,,15.451171875,389
youtube-client.py,True,,1.4208984375,36
youtube-compile-image.py,True,,1.3505859375,43
youtube-configure-opik.py,True,,1.064453125,35
youtube-content-maker.py,True,,0.833984375,35
youtube-convert-video.py,True,,5.08984375,136
youtube-copy-files.py,True,,2.384765625,62
youtube-cover.py,True,,2.177734375,74
youtube-create-fade.py,True,,10.2900390625,335
youtube-create-flip.py,True,,9.7392578125,306
youtube-create-news-videos.py,True,,7.8427734375,203
youtube-create-spin.py,True,,9.41015625,282
youtube-create-thumbnail.py,True,,1.7861328125,67
youtube-create-video.py,True,,2.9091796875,106
youtube-create-zoom.py,True,,10.5048828125,337
youtube-createvideo-v1.py,True,,1.853515625,57
youtube-cumsum.py,True,,1.4521484375,87
youtube-dlimage.py,True,,2.90625,119
youtube-download-thumbnail.py,True,,1.6103515625,54
youtube-download-video.py,True,,0.783203125,30
youtube-download.py,True,,0.9765625,37
youtube-downloadr-api.py,True,,13.6474609375,399
youtube-downloadupload.py,True,,4.2626953125,129
youtube-downloadvideos-v1.py,True,,0.8525390625,32
youtube-evil.py,True,,0.25,23
youtube-generate-content.py,True,,2.529296875,94
youtube-generate-trivia.py,True,,1.3330078125,47
youtube-generate.py,True,,4.12890625,146
youtube-generateAudio.py,True,,2.1328125,72
youtube-generater.py,True,,1.6005859375,48
youtube-get-creation.py,True,,7.5205078125,243
youtube-glut-display.py,True,,4.982421875,158
youtube-help.py,True,,2.810546875,89
youtube-inputhook.py,True,,3.59765625,95
youtube-instareport-instareport-youtube.py,True,,2.8095703125,89
youtube-instareport-libs-proxy.py,True,,6.6064453125,163
youtube-isin.py,True,,3.6416015625,117
youtube-keys.py,True,,1.966796875,81
youtube-load-ipython.py,True,,0.353515625,18
youtube-load.py,True,,3.29296875,114
youtube-main.py,True,,15.78125,288
youtube-management-upload-youtube.py,True,,0.0498046875,4
youtube-media-processing-audio.py,True,,0.8662109375,34
youtube-media-processing-video-2025-vid.py,True,,7.0361328125,225
youtube-media-processing-video-extract_simple.py,True,,24.4091796875,649
youtube-media-processing-video-render_simple.py,True,,1.5,56
youtube-models.py,True,,1.6708984375,66
youtube-motion-upload.py,True,,1.7587890625,65
youtube-newupload-v1.py,True,,2.92578125,100
youtube-notify.py,True,,1.03125,40
youtube-openai-ygpt-utils-videogenerator.py,True,,3.306640625,105
youtube-pexels_video_downloader.py,True,,7.2724609375,229
youtube-playlist-simple.py,True,,1.02734375,38
youtube-print-logo.py,True,,2.5068359375,31
youtube-process-video.py,True,,2.3359375,68
youtube-python_repo_inspector.py,True,,4.9794921875,156
youtube-read.py,True,,2.1435546875,85
youtube-reddit-download.py,True,,0.7099609375,22
youtube-reddit-video-maker.py,True,,0.638671875,35
youtube-request.py,True,,1.2919921875,52
youtube-rotate-image.py,True,,8.1201171875,265
youtube-sanitize-title.py,True,,1.8583984375,61
youtube-scrape-youtube-channel.py,True,,1.6025390625,57
youtube-scraping-download.py,True,,2.7236328125,99
youtube-social-platforms-youtube-yt-simple.py,True,,1.927734375,77
youtube-social-platforms-youtube.py,True,,0.4697265625,11
youtube-sphinx-source-youtube.py,True,,0.9619140625,40
youtube-title-case.py,True,,10.74609375,309
youtube-tool.py,True,,1.4326171875,58
youtube-trivial.py,True,,0.703125,44
youtube-types.py,True,,0.486328125,34
youtube-upload-file.py,True,,6.748046875,113
youtube-upload-video.py,True,,19.955078125,606
youtube-upload.py,True,,7.8740234375,238
youtube-upload_api.py,True,,4.802734375,147
youtube-uploader.py,True,,1.5986328125,59
youtube-video-downloadr-api.py,True,,2.9072265625,99
youtube-video-downloadr-csv-batch.py,True,,2.6630859375,86
youtube-video-downloadr.py,True,,3.236328125,97
youtube-videoedit.py,True,,2.5068359375,77
youtube-videos.py,True,,2.1298828125,64
youtube-web-scraping-download-main.py.py,True,,6.9345703125,223
youtube-yplaylist.py,True,,1.0009765625,38
youtube-ytcsv.py,True,,0.875,34
youtube-ytdownloadthumb.py,True,,2.6494140625,84
youtube-ytube-simple.py,True,,2.2763671875,71
youtube-ytube.py,True,,2.2763671875,71
youtube-ytubedlthumbs.py,True,,2.6865234375,86
ytdl-audiodownload.py,True,,2.2216796875,73
ytdl-audiometadata.py,True,,2.8828125,89
ytdl-listen.py,True,,2.2060546875,85
ytdlconfiguration.py,True,,3.3798828125,89
