Handle_Name,Persona,Platform,SEO_Trend_Keyword,Strategic_Purpose,Availability_Status,Priority_Tier,Registration_Deadline,Bio_Template,Content_Themes,Monetization_Vectors,Posting_Frequency,Cross_Platform_Links,Primary_Hashtags,First_Post_Ideas,Metrics_to_Track,Platform_Requirements,Backup_Handle,Registration_Cost,Account_Verification,Content_Calendar_Link,Revenue_Potential_Estimate,Growth_Timeline_Months,Engagement_Strategy,Community_Rules,Tools_Needed,Analytics_Enabled,Integration_Recipes,Additional_Notes,Current_Status
@QuantumAuTomAIton,Quantum Philosopher,X/Twitter,Quantum Machine Learning (+370% YoY),Philosophical takes on quantum + automation + ethics,AVAILABLE,Tier 1,Week 1 Day 1,"Quantum Automation Engineer | Generative AI | Ethics & Philosophy | QuantumForgeLabs.org","Quantum thinking, automation ethics, AI safety, machine learning, Python scripts, chaos engineering, quantum computing, prompt engineering","Consulting ($5K-$25K audits), Premium community access ($99-$499/mo), Speaking fees, B2B services",3-5 tweets daily + 1 thread weekly,GitHub (code), Medium (essays), YouTube (tutorials), Discord (community),#QuantumML #Automation #AIEthics #GenerativeAI #PythonAutomation #ChaosEngineering,"Thread on quantum cognition improving systems, Ethics of automation thread, ""Why quantum randomness beats determinism"" hot take, Chaos engineering framework walkthrough, ""Quantum-safe automation for enterprises"" announcement",Daily followers count,Custom Twitter headers allowed,@QuantumAutoMaItion (variant),Free,Email + 2FA required,Week 3,High ($5K-$25K/mo potential),"Fast growth expected (1K-10K by month 3, 50K+ by month 6)",Reply to ALL comments week 1-2; Engage with 20+ accounts daily; Retweet valuable content from community,Share knowledge freely; No gatekeeping; Support other creators,Buffer/Meta Suite for scheduling,YES - Twitter Analytics,Recipe 1: Medium postâ†’Tweet thread,Highest priority for authority; Most time-sensitive for trending keyword,SETUP_REQUIRED

@AIAutomationAlchemist,Creative Alchemist,X/Twitter,Generative AI (+450% YoY),Generative AI + prompt engineering for creatives,AVAILABLE,Tier 1,Week 1 Day 2,"AI Art Alchemist ðŸŽ¨ | Generative Workflows | Prompt Engineering | QuantumForgeLabs","Generative art, prompt engineering, AI music, creative automation, DALL-E, MidJourney, Suno, multimodal AI, creative tech","Premium templates ($29-$99), Creative audits ($2K-$10K), Sponsored content, Patreon ($100-$5K/mo), Ko-fi courses","3-5 tweets daily + 1 thread weekly + visual posts",Instagram (art), YouTube (tutorials), ArtStation (portfolio), Bandcamp (music),#GenerativeAI #PromptEngineering #AIArt #CreativeAutomation #DALLE #MidJourney #AIMusic #Multimodal,"Launch with 7 Prompt Templates thread, DALL-E Mastery 101 thread, ""How to automate without losing soul"" thread, AI music generation workflow demo, Sponsored tool/platform announcement",Engagement rate (RT+Fav), Follower growth, Click-through to Ko-fi,2FA recommended,@AIAutomationAlchemist_official,Free,Email + 2FA required,Week 3,Very High ($2K-$10K/mo potential),"Moderate growth expected (500-5K by month 3, 20K-50K by month 6)",Engage with art community; Share others' work; Build relationships with creators,Celebrate creative work; Support indie artists; No NFT spam,Buffer + Canva Pro for graphics,YES - Twitter Analytics,Recipe 2: Suno releaseâ†’Tweet announcement,Creative niche has high monetization; strong Patreon potential,SETUP_REQUIRED

@ChaosEngineeringAI,Systems Engineer,X/Twitter,Chaos Engineering in DevOps,DevOps + AI testing frameworks,AVAILABLE,Tier 1,Week 1 Day 2,"Chaos Engineering AI | DevOps Automation | System Reliability | QuantumForgeLabs","Chaos engineering, system testing, DevOps, microservices, reliability engineering, failure prediction, AI testing, automation frameworks, Python scripts","Enterprise consulting ($10K-$100K), Open-source sponsorships, B2B training, Tool licensing",3-5 tweets daily + 1 thread weekly + code snippets,GitHub (projects), Reddit (r/Automation), Stack Overflow (answers),#ChaosEngineering #DevOps #Microservices #SystemReliability #Automation #PythonScripts #CI_CD,"Chaos Engineering Patterns thread, Why you need chaos testing thread, AI-driven bug prediction demo, ""Before you go to production"" reliability checklist, Open-source framework announcement",Engagement from DevOps audience, Technical question replies,Verified badge helpful but not required,@ChaosAI_Engineer (variant),Free,Email + 2FA required,Week 3,High ($10K-$50K/mo potential),"Slower initial growth but higher-value audience (1K specialized followers = $20K+ consulting leads by month 6)",Answer technical questions deeply; Help others solve problems; Build reputation,Respect expertise levels; Welcome questions; Promote learning,Buffer + GitHub integration,YES - Twitter Analytics,Recipe 3: GitHub releaseâ†’Engineering thread,Enterprise market = highest revenue potential,SETUP_REQUIRED

@DrFrankenstack,Chaos Philosopher,X/Twitter,Legacy Code + AI Integration,Resurrect old systems with modern AI,AVAILABLE,Tier 1,Week 1 Day 3,"Legacy System Resurrection Engineer | AI + Philosophy | QuantumForgeLabs","Legacy code, system modernization, resurrection opportunities, enterprise transformation, Y2K wisdom, technical debt, architecture migration, philosophy of code","Legacy audits ($15K-$100K+), Migration consulting, Training programs, Medium Partner Program revenue, Writing projects",3-5 tweets daily + 1 thread weekly + essays,GitHub (migration patterns), Medium (essays), Reddit (r/programming),#LegacyCode #SystemModernization #EnterpriseAI #ArchitectureMigration #TechnicalDebt #CodePhilosophy,"The beauty of legacy code thread, Y2K wasn't about datesâ€”it was about consciousness, How to respectfully modernize without destroying soul, ""Every bug is wisdom trying to teach you"" philosophical thread, Enterprise transformation case study announcement",Engagement from enterprise engineers,Verification helpful,@DrFrankenstein_stack,Free,Email + 2FA required,Week 3,High ($15K-$50K/mo potential),"Moderate growth to highly engaged enterprise audience (500-2K followers with $50K+ annual revenue potential)",Build relationships with enterprises; Help them see legacy as asset not burden; Case study approach,Respect legacy systems; Mentor less experienced devs; Encourage modernization thinking,Buffer + Medium for long-form,YES - Twitter Analytics,Recipe 4: Medium essayâ†’Thread+LinkedIn,Best for B2B enterprise consulting revenue,SETUP_REQUIRED

@SonicPythonomancer,Sonic Pythonomancer,X/Twitter,AI Music Generation (+60% adoption),Music generation + Python,AVAILABLE,Tier 1.5,Week 1 Day 4,"Sonic Pythonomancer | AI Music + Python | Music Generation | QuantumForgeLabs","Music generation, Suno integration, Python music, generative composition, audio processing, machine learning music, creative coding, sonic alchemy","Music streaming royalties, Workshops ($500-$2K), Licensing music, Premium production templates ($29-$99), Bandcamp sales",2-4 tweets daily + demos weekly + music updates,Bandcamp (releases), YouTube (tutorials), Instagram (Reels), TikTok (music),#AIMusic #MusicGeneration #GenerativeMusic #Python #AudioProcessing #Suno #MusicTech #SonicAlchemy,"Music generation pipeline tutorial thread, Suno integration guide, 5 Synthesis Techniques thread, ""Code as musical instrument"" philosophical thread, New Bandcamp release announcement",Music engagement rate, Stream counts, Click-through to Bandcamp,Verification helpful,@SonicAI_Generator,Free,Email + 2FA required,Week 3,Medium-High ($1K-$5K/mo potential),"Moderate growth to niche audience (2K-10K followers by month 6, but highly engaged)",Engage with musicians and producers; Share music from other AI creators; Build producer community,Support artist community; Cross-promote other musicians; Celebrate creative work,Buffer + Bandcamp integration,YES - Twitter Analytics,Recipe 5: Bandcampâ†’All platforms,High streaming potential + teaching revenue,SETUP_REQUIRED

@QuantumAuTomAIton,Quantum Philosopher,Instagram,Quantum Machine Learning + AI Ethics,Visual thought leadership on quantum concepts,AVAILABLE,Tier 1.5,Week 2 Day 1,"Quantum Automation Engineer | AI Alchemist | QuantumForgeLabs.org","Quantum concepts visualized, AI ethics discussions, automation workflows, Python scripts showcase, conference talks, thought leadership content","Consulting leads, Sponsored posts from companies, Link to Ko-fi/Patreon, Brand partnerships",1-2 carousels + 3-5 stories daily + 1 Reel weekly,X (threads), YouTube (channel), Medium (essays), Bluesky,#QuantumML #AIEthics #Automation #GenerativeAI #PythonDeveloper #QuantumComputing #TechPhilosophy,Quantum computing carousel (5 slides), Ethics of automation carousel, Workflow visualization Reel, Confidence interval philosophy carousel,Engagement rate (saves = decision-making), Carousel interaction, Reel views,Creator account required,@QuantumAutoMation_official,Free,Email + 2FA required,Week 3,Medium ($1K-$5K/mo potential),"Steady growth (1K-5K followers by month 3, 10K-30K by month 6, engaged audience)",,Engage with tech community; Reply to all comments; Use Stories for authenticity,No bots; Support other creators; Create value-first content,Canva Pro for carousels; Buffer for scheduling,YES - Instagram Insights,Recipe 1: Mediumâ†’Carousel repost,Visual learning platform; Strong for thought leadership positioning,SETUP_REQUIRED

@AIAutomationAlchemist,Creative Alchemist,Instagram,Generative AI Art + Multimodal AI,Visual portfolio of AI art mastery,AVAILABLE,Tier 1,Week 2 Day 1,"Creative Automation Alchemist | AI Art & Music | DM collabs | QuantumForgeLabs","AI-generated art, prompt engineering tips, creative workflow demos, music generation visuals, collaboration announcements, Reels of creation process",Premium prompts ($29-$99), Creative audits, Ko-fi subscribers, Sponsored posts from AI tools, Link to YouTube courses,3-5 posts daily + 3-5 stories daily + 2-3 Reels weekly,X (threads), YouTube (tutorials), ArtStation (portfolio), TikTok,#GenerativeAI #AIArt #PromptEngineering #DALLE #Midjourney #CreativeAI #AIMusic #ArtTok,"Carousel: 7 Best DALL-E Prompts, Before-After DALL-E Mastery, Music Generation Workflow Reel, Behind-the-Scenes Prompt Engineering, AI Art Trends carousel",Reel views (go for viral), Carousel saves, DM inquiries for collabs,Creator account REQUIRED - switch immediately,@AIAlchemist_official,Free,Email + 2FA required,Week 3,Very High ($2K-$10K/mo potential),"Fast growth (2K-10K followers by month 3, 30K-100K+ by month 6 if Reels go viral)",Post reels daily for algorithm boost; Respond to all DMs within 24h; Use trending sounds,Celebrate other artists; Support indie creators; Collab spirit,Canva Pro; CapCut for Reels; Buffer for scheduling,YES - Instagram Insights,Recipe 1: Mediumâ†’Carousel OR YouTubeâ†’Reel,HIGHEST VIRAL POTENTIAL on Instagram; Best for monetization via Ko-fi + Patreon,SETUP_REQUIRED

@SonicPythonomancer,Sonic Pythonomancer,Instagram,AI Music Generation + Content Creation,Music creation + generative art visuals,AVAILABLE,Tier 1.5,Week 2 Day 2,"Sonic Pythonomancer | AI Music + Code | Creating the Future | Bandcamp Link","Music production process videos, Suno integration demos, AI-generated music visuals, Python code for audio, behind-the-scenes creation, Bandcamp promotional content",Bandcamp sales, Music streaming royalties, Ko-fi pledges for production templates, Sponsored music tools,2-3 posts daily + 3-5 stories daily + 1-2 Reels weekly,X (announcements), Bandcamp (releases), YouTube (tutorials), TikTok (music),#AIMusic #MusicProduction #GenerativeMusic #Python #ProducerLife #AudioProcessing #IndieMusic #Suno,"Carousel: How Suno Works, Production Process Reels, New Album Announcement Carousel, Behind-the-Scenes Music Creation, ""From Code to Sound"" story series",Reel views, Music save counts, Click-through to Bandcamp,Creator account recommended,@SonicPython_official,Free,Email + 2FA required,Week 3,Medium-High ($500-$2K/mo potential),"Moderate growth to engaged music community (1K-5K followers by month 3, 5K-20K by month 6)",,Engage with music community; Support other musicians; Authentic creation story,Build community first; Music quality matters; Support indie artists,CapCut; Canva; Bandcamp link in bio,YES - Instagram Insights,Recipe 5: Bandcampâ†’Instagram Stories,Music + visual content hybrid; Strong for building audience AND streaming revenue,SETUP_REQUIRED

@QuantumForgeLabs,Core Brand,GitHub,"Python Quantum Scripts (+38.7% CAGR), Open Source AI",Central repository for all code projects,AVAILABLE,Tier 1,Week 1 Day 1,"Quantum Automation Toolkit | 950+ Open-Source Scripts | quantumforgelabs.org | Quantum ML + Python Automation | AI Ethics","Python automation scripts, quantum algorithms, chaos engineering, generative AI tools, music generation APIs, creative automation pipelines, documentation, examples",Open-source sponsorships, GitHub Sponsors ($500-$5K/mo), Consulting leads from code quality, O'Reilly book deals, Training course materials,Daily repo updates + Weekly blog posts via GitHub Pages + New releases monthly,X (announcements), Medium (deep dives), YouTube (tutorials), Discord (support),#Python #OpenSource #QuantumML #Automation #GenerativeAI #ChaosEngineering #GitHubSponsors #DevTools,"Launch 950+ scripts repo, ""Quantum Automation Starter Kit"" repo, ""Chaos Engineering Framework"" repo, Music Generation API wrapper, Documentation site launch, Create GitHub Pages blog","GitHub stars count, Forks count, Contributors count, Issues/PRs quality, Traffic to repo, ""Used by"" companies mention",README excellence essential; Good documentation critical; MIT/Apache license,QuantumForgeAI (variant),Free,GitHub account + 2FA required,Week 1,High ($1K-$5K/mo from Sponsors),"Steady growth (100-500 stars by month 3, 1K-5K stars by month 6+, enterprise interest increases)",,Document obsessively; Respond to all issues/PRs; Support community,Welcoming to contributors; Clear license; Ethical use requirements,GitHub Codespaces; GitHub Pages; GitHub Actions,YES - GitHub Insights,Recipe 2: New releaseâ†’Announcement across platforms,Foundation of all authority; Code is proof of mastery,SETUP_REQUIRED

@QuantumForgeLabs,Core Brand,Discord,"Multimodal AI Community Building, Quantum ML Community",Central community hub,NEW_CREATION,Tier 1,Week 2 Day 1,"QuantumForgeLabs Community Server | Quantum Automation + Generative AI | Free + Premium","Community discussions, project collaboration, learning channels, member showcases, announcements, chaos engineering tests, music generation experiments, code reviews","Premium membership tiers ($5-$25/mo for 100-1000 members = $500-$25K/mo), Channel sponsorships, Community marketplace, Exclusive content access, Consulting for members",Continuous (community runs 24/7) + Daily moderation + Weekly calls,X (announcements), GitHub (projects), YouTube (exclusive streams), Medium (essays),#QuantumML #Community #AI #Python #OpenSource #GenerativeAI #ChaosEngineering #CommunityDriven,"Welcome message (500 words), Channel introductions, Weekly discussion prompt, ""Project Showcase"" spotlight, Friday community call announcement, New member welcome bot message",Member count growth, Engagement/message ratio, Premium conversion rate, Member retention,Server emoji custom set; Voice channels; Bot management; Mod tools setup,QuantumForge_Community (variant),Free,Email + 2FA + Discord server creation,Week 3,High ($500-$5K/mo from premium tiers),"Moderate to high growth (50-500 members by month 3, 500-5000+ by month 6 with retention focus)",Daily presence; Respond to all questions; Celebrate member wins; Create FOMO for premium,No harassment; Inclusive; Quality over quantity; Respect expertise,Discord.py for bots; Statbot for analytics; IFTTT for cross-posting,YES - Discord dashboard,Recipe 4: Xâ†’Discord announcement,Community = highest lifetime customer value; Premium tiers = sustainable revenue,SETUP_REQUIRED

@QuantumForgeLabs,Core Brand,Medium,AI Ethics + Python Automation,Long-form thought leadership,AVAILABLE,Tier 1,Week 2 Day 1,"Quantum Automation Engineer | AI Alchemist | QuantumForgeLabs.org | exploring the intersection of quantum thinking and code","Deep dives on quantum ML, AI ethics, automation philosophies, practical Python guides, chaos engineering frameworks, generative AI theory, market analysis, thought pieces",Medium Partner Program ($100-$5K/mo from reads), Ko-fi/Patreon sponsorships, Consulting leads, O'Reilly/book deals, Course creation,1 article per week (2000-3000 words each),X (threads), LinkedIn (snippets), YouTube (video essays), Discord (discussion starters),#QuantumML #AIEthics #Python #Automation #Generative #Philosophy #ChaosEngineering #TechThought,"Why Quantum Thinking Improves Deterministic Systems, AI Ethics in 2025: A manifesto, Chaos Engineering is Enlightenment Work, 950 Scripts: A Philosophy of Modularity, The Beauty of Legacy Code, Generative Automation Without Soul Loss",Article read time (aim 10+ min), Clap count, Share count, Member subscriptions generated,Editor access helpful but not required,QuantumForge_Engineering (variant),Free,Email + 2FA required,Week 3,High ($500-$3K/mo from Partner Program),"Moderate growth (500-5K followers by month 3, 5K-20K by month 6 with 50K+ monthly reads)",,Write with authority; Back claims with data; Philosophical yet practical,Original thought; No clickbait; Support other writers,Grammarly Pro for editing; Notion for drafting,YES - Medium Analytics,Recipe 1: Essayâ†’Threads+Posts,Best for building thought leadership authority; Strong monetization,SETUP_REQUIRED

@QuantumAuTomAIton,Quantum Philosopher,YouTube,""Automated GPT-4 Pipelines"" (+410% YoY) + Tutorial Content,Educational video series,NEW_CREATION,Tier 1,Week 2 Day 2,"QuantumForgeLabs | Tutorials on Quantum + Automation | AI Workflows | Subscribe for weekly uploads","Tutorials (10-15 min), live coding, framework explanations, API integrations, chaos engineering demos, music generation walkthroughs, philosophy deep-dives, community highlights, Q&A videos",AdSense revenue ($1K-$5K/mo at scale), Sponsored videos ($2K-$10K each), Course sales ($500-$5K per course), YouTube membership ($5-$25/mo), Link to Ko-fi/services,1 long-form video weekly (10-30 min) + 2-3 Shorts weekly,X (announcements), Medium (script sources), Discord (community feedback), Patreon (exclusive),#Tutorial #Quantum #Python #AI #Automation #GenerativeAI #LearnToCode #YouTubeEducation,"Quantum Automation in 15 Minutes, How to Build a Music Generation Pipeline, Chaos Engineering Explained, ""I Deployed AI to Production"" series, API Integration Masterclass, Python Workflow Optimization","Total views (long-form + shorts), Engagement (likes + comments), Click-through rate to website, Subscriber growth, Watch time (key for algorithm), Conversion to premium offer",Custom banner; End screens; Cards + CTAs essential; Consistent upload schedule essential,@AIAutomationAlchemist (variant),Free,Email + 2FA + Channel setup,Week 2,Very High ($5K-$50K/mo potential at scale),"Exponential growth (5K-50K subscribers by month 3 is possible with viral Shorts; 50K-500K+ by month 6+ with consistent schedule)",Daily YouTube interaction; Respond to comments within 24h; Pin top comments; Create Shorts from each video,Protect community; No spam links; Educational value paramount,Adobe Premiere (editing); OBS (streaming); CapCut (Shorts); Anchor (podcasting if repurposing),YES - YouTube Analytics,Recipe 3: YouTubeâ†’Shorts+Threads+LinkedIn,HIGHEST GROWTH POTENTIAL platform; Exponential subscriber growth possible,SETUP_REQUIRED

@QuantumForgeLabs,Core Brand,LinkedIn,"AI in Cybersecurity" (+385% YoY) + B2B Thought Leadership,Enterprise professional network,AVAILABLE,Tier 1,Week 2 Day 3,"Quantum Automation Engineer | AI/ML | Building the future of intelligent automation | QuantumForgeLabs.org","Enterprise automation case studies, professional insights, company milestones, industry trends, hiring announcements, speaking engagement promotion, B2B partnership announcements, career advice",Enterprise consulting ($10K-$100K), LinkedIn newsletter sponsorships, Executive coaching, B2B tool licensing,1 main post daily + 1 article weekly + Stories 2-3x daily,X (cross-post), Medium (source), Company page updates, Email newsletter,#AI #MachineLearning #Automation #Enterprise #QuantumComputing #Leadership #Innovation #TechLeadership,"LinkedIn Article: Future of Enterprise Automation, Company milestone announcement, Case study: How we automated legacy systems, Speaking engagement announcement, Hiring post, Industry trend analysis, Partner announcement",Post engagement (comments = sales leads), Follower growth, Profile views, Article reads, Click-through to consulting,LinkedIn company page ESSENTIAL; Endorsements helpful; Recommendations crucial,QuantumForgeLabs_official (variant),Free,Email + 2FA + Phone verification,Week 2,High ($5K-$25K/mo from consulting leads),"Steady professional growth (500-2K followers by month 3, 5K-20K+ enterprise followers by month 6)",,Connect authentically; Focus on value; Make asks after giving,Quality network > quantity; Support others; B2B focus,LinkedIn Sales Navigator (optional), Dex (contact management),YES - LinkedIn Analytics,Recipe 6: Articleâ†’Post+Email,BEST PLATFORM for enterprise B2B consulting leads; High-value customer source,SETUP_REQUIRED

@QuantumForgeLabs,Core Brand,Bluesky,"Quantum AI Ethics" + Intellectual Culture,Decentralized intellectual community,AVAILABLE,Tier 1,Week 2 Day 4,"Quantum Automation + Generative AI | Decentralized community vibes | quantumforgelabs.org | Posts on consciousness in code","Philosophical takes on AI, long-form discussions, deep threads, community culture, ethics debates, peer-to-peer recommendations, knowledge sharing, original research","Community reputation/authority (leads to consulting), Bluesky Creator Fund (when available), Exclusive content paywalls (future feature), Community building","3-5 posts daily + 1 long thread weekly + Discussion participation",X (cross-post some), Medium (source essays), Discord (community building), GitHub (code sharing),#BlueskyAI #QuantumML #AI #Ethics #Philosophy #Decentralized #OpenWeb #IntellectualCulture,"Intro post: Who we are and why Bluesky, Long-form essay on AI consciousness, Quantum vs determinism thread, AI ethics hot take, Invite friends to join, Celebrate community members","Follower count, Like/RT ratio, Thread engagement, Conversation starters, Building community identity",ATProto native features; Early adopter advantage; Network small initially (OK!),@QuantumForge.bsky.social (variant),Free,Email + 2FA required,Week 3,Medium ($0-$500/mo currently; potential future revenue),"Moderate growth (100-1K followers by month 3 as platform grows; early mover advantage is valuable)","Post original ideas; Don't just cross-post X; Build genuine Bluesky community",Respect intellectual culture; High bar for quality; No spam links,Bluesky app; Futureland for analytics,YES (when available),Recipe TBD,Early-mover advantage in emerging platform; Best for intellectual positioning,SETUP_REQUIRED

@GlitchWizardry,Chaos Philosopher,Reddit,"Agentic AI Testing" + Problem Solving,Problem-solving expert reputation,AVAILABLE,Tier 1.5,Week 2 Day 4,"Just here to help solve problems. Check GitHub for full work. Ask me about chaos engineering or legacy system resurrection.","Answering hard questions, solving technical problems, contributing to communities, case studies, automation examples, chaos framework discussions, helping others learn",Consulting leads from expertise demonstration, Community reputation (not direct revenue), Referrals from network building,Daily participation (1-2 hours) + 1-2 new posts weekly,GitHub (projects), Medium (essays), X (announcements), YouTube (tutorials),#Python #Automation #ChaosEngineering #MachineLearning #DevOps #LegacyCode #Programming #OpenSource,"First post in r/Automation: Chaos Framework 101, Helpful comment threads in r/Python, Answer in r/Learnprogramming, Problem-solving case study, Share GitHub project, Help with specific technical issue, Promote community knowledge share",Karma (community reputation), Comment votes, Award count, Post saves, Community upvotes,No karma limit for posting (usually); Niche subreddits easier initially,u/GlitchWizard (variant),Free,Email + account age requirement (some subreddits),Week 3,High (consulting leads from expertise),"Moderate to high community reputation (1K-10K karma by month 3; valuable for networking)","Answer authentically and deeply; Don't self-promote (builds trust first); Provide value freely",Help others first; No spam; Respect subreddit rules; Quality over quantity,Reddit Enhancement Suite (optional); Notion for tracking ideas,YES - Reddit analytics,Recipe TBD,Best for building B2B consulting authority; High-value network building,SETUP_REQUIRED

@AIAutomationAlchemist,Creative Alchemist,TikTok,""AI-Powered Legacy Integration"" (+34% enterprise adoption),Viral short-form content,NEW_CREATION,Tier 1,Week 3 Day 1,"Creative Automation Alchemist | AI Art | Music Generation | DM collabs ðŸ‘‡","60-second tutorials, AI art creation timelapse, prompt engineering hacks, music generation demos, satisfying automation videos, before-after transformations, Python shortcuts, ""Did you know?"" facts, trending sounds","TikTok Creator Fund ($200-$10K/mo), Sponsored products, Link to Ko-fi/YouTube, Viralâ†’ Lead capture",Daily posting (1-3 videos daily for algorithm boost) + Trending sound repurposing,Instagram Reels (cross-post), YouTube Shorts (same content), X (update announcements), Ko-fi (link),#FYP #ForYou #AI #TikTok #Tutorial #GenerativeAI #Automation #Creator,"Hook: ""This AI tool is insane"", Process video showing tool use, Trend hack: Use trending sound + AI topic, Quick tips (30 sec), Before-after transformation, Satisfying coding video, Trend participation (song + AI angle)","View count, Like rate, Share rate, Save rate, Follower growth, Click-through to Ko-fi, Average watch time (>50% is great)",Algorithm favors consistency; NO long gaps; Trend participation crucial; Hook in first 3 sec essential,@SonicPythonomancer (music variant),Free,Phone number + Email + Age requirement (13+),Week 3,Medium-High ($1K-$5K/mo potential),"Fast growth (5K-50K followers possible by month 3 with viral Shorts; 100K+ by month 6+ if consistent)","Post daily minimum; Respond to all comments in first 24h; Use trending sounds immediately; Hook is everything",Respect community; No hateful content; Keep it fun; Support other creators,CapCut (free video editor); TikTok Studio (desktop); TikTok Creator Fund app,YES - TikTok Analytics,Recipe 3: YouTubeâ†’TikTok Shorts,FASTEST GROWTH POTENTIAL; Highest viral coefficient of any platform,SETUP_REQUIRED

@PromptEngineeringWizard,Creative Alchemist,Instagram,Prompt Engineering (+top generative AI skill),Tips + templates for creative professionals,NEW_CREATION,Tier 1.5,Week 2 Day 3,"Prompt Engineering Wizard | DALL-E | Midjourney | Share your prompts | Ko-fi for templates","Prompt templates, before-after DALL-E results, ""Try this prompt"" carousel posts, Midjourney tricks, ChatGPT hacks, Creative workflow optimization, Meme templates for creators, Educational Reels",Premium prompt templates ($9.99-$29.99), Ko-fi subscribers, Sponsored posts from AI tools, Course creation, Affiliate commissions,2-3 carousel posts daily + 1-2 Reels daily + 5-10 Stories daily,TikTok (trend reposts), YouTube (long-form tuts), X (threads), Ko-fi (shop link),#PromptEngineering #DALLE #Midjourney #PromptDesign #GenerativeAI #CreativeTools #AIArt #MagicPrompts,"Carousel: 7 Best DALLE Prompts, Midjourney Settings for Different Styles, ChatGPT Prompt Hacks, Prompt Template Library, ""Prompt Engineering 101"" Reel, Trend participation, Behind-the-Scenes prompt testing","Carousel saves (high intent), Reel views, Click-through to Ko-fi, DM inquiry rate, Follower growth, Engagement rate (need 3%+)",Highly visual platform; Templates are core revenue; Creator account essential,@PromptAlchemy_official,Free,Email + 2FA required,Week 3,High ($500-$3K/mo from template sales),"Fast growth (2K-10K followers by month 3; 20K-100K+ by month 6 if Reels go viral)",,Engage with prompt community; Share others' tips; Celebrate beautiful AI art,Support creators; No gatekeeping; Community over competition,Canva Pro (design templates); Ko-fi (shop); Gumroad (optional),YES - Instagram Insights,Recipe TBD,High monetization potential; Template sales = passive income; Viral Reel potential,SETUP_REQUIRED

@SonicPythonomancer,Sonic Pythonomancer,Bandcamp,""Algorithmic Music Generation"" (2.4K/mo searches),Music distribution + monetization,NEW_CREATION,Tier 1,Week 2 Day 2,"SonicPythonomancer | AI-Generated Music | Music from Code | Support independent music | bandcamp.com/SonicPythonomancer","AI-generated music releases, generative composition, Suno integration, Python audio art, experimental electronic, algorithmic composition, behind-the-scenes production process, artist collaborations",Music sales ($1-$15 per album), Streaming royalties (Spotify/Apple/Bandcamp cut), Patreon exclusive tracks, Physical media pre-orders, Licensing for creators,1-2 new releases monthly (albums) + Weekly behind-the-scenes updates,X (announcements), Instagram (visuals), YouTube (process videos), TikTok (30-sec clips),#IndieMusic #GenerativeMusic #Algorithmic #Experimental #Bandcamp #IndieArtist #AIMusic #ElectronicMusic,"Launch first album (5-10 tracks), Behind-the-scenes production process, ""How I made this track"" series, Collaborate with other electronic artists, Announce tour/live shows, Offer exclusive tracks for supporters, Limited edition physical copies announcement",Plays/streams count, Download count, Fan support count (Bandcamp fans), Email list growth, Revenue per release, Growth toward 1000 listeners,Stripe account required; High-quality audio essential; Artist name branding important,@SonicAI_studio (variant),Free (Bandcamp takes 15% of sales),Email + Stripe account required,Week 2,Medium ($500-$2K/mo at scale),"Moderate growth (100-500 followers by month 3; 500-2K by month 6 with consistent releases and cross-promotion)","Daily stories promoting new music; Respond to all fan messages; Collaborate with other artists; Regular release schedule",Artist integrity paramount; Quality over quantity; Support other indie musicians; Thank your fans explicitly,Bandcamp creation tools; DAW (Ableton/FL Studio); Stripe for payments,YES - Bandcamp analytics,Recipe 5: New releaseâ†’All social platforms,Music monetization requires consistent releases; Best with YouTube presence too,SETUP_REQUIRED

@ToroidalAIAutomation,Quantum Philosopher,ArtStation,""Generative AI Art"" (+450% YoY) + Biophilic Design,"AI-generated visual portfolio, mixed media art",NEW_CREATION,Tier 2,Week 2 Day 3,"ToroidalAvatars | AI-Generated Mixed Media | Quantum Aesthetics | Biophilic Design | quantum-inspired visual art | quantum-fluid-forms.artstation.com","AI-generated imagery, quantum-inspired art, biophilic design, generative texture work, abstract quantum forms, multimodal AI art (image+sound), process timelapse videos, conceptual work",Prints and merchandise ($50-$500+), Commissions ($1K-$10K per project), Licensing for design agencies ($500-$5K), Sponsorships from AI art tools, Patreon exclusive work ($5-$50/mo),"1-2 new pieces monthly (high-quality takes time) + Weekly behind-the-scenes breakdowns","X (announcements), Instagram (visual feed), YouTube (process videos), Patreon (exclusive)","#GenerativeAI #DigitalArt #Quantum #Biophilic #AbstractArt #ArtStation #ConceptArt #AIArt","Launch portfolio with 10-15 best pieces, Behind-the-scenes of generative process (video), Quantum aesthetics series announcement, Collaboration post, Commission availability announcement, Process breakdown timelapse, ""How I created X"" detailed breakdown",Likes on pieces, Follow count, Bookmarks (intent to return), Commission inquiries, Licensing leads, Merch sales,Portfolio quality is paramount; Professional images required; Artist statement essential,@ToroidalAI (variant),Free,Email account required,Week 3,Medium ($500-$2K/mo potential),"Moderate growth (100-500 followers by month 3; 500-2K+ by month 6, but quality followers = commission leads)","Quality > quantity; Engage with art community; Respond to all commission inquiries; Share other artists work",Respect other artists; No AI art gatekeeping; Commission fairly; Celebrate good design,Adobe Creative Suite (or Procreate); DAW for audio integration; Etsy for merch,YES - ArtStation analytics,Recipe TBD,Best for commission revenue and design agency partnerships; High-ticket sales,SETUP_REQUIRED

@QuantumForgeAI,Core Brand,Dev.to,""AI API Integration"" + Developer Community,Technical blogging platform,AVAILABLE,Tier 2,Week 2 Day 4,"Quantum Automation Engineer | Building AI pipelines | QuantumForgeLabs.org | 950+ open-source scripts | Helping devs master automation","Technical tutorials, API integration guides, Python tips, chaos engineering frameworks, code walkthroughs, developer experience improvements, framework comparisons, troubleshooting guides, code snippets","Dev.to community reputation (leads to consulting), Sponsorships from dev tools, Course creation, O'Reilly partnerships, Tech writing gigs",1-2 technical articles per week (1500-3000 words each) + Daily community engagement,GitHub (code), Medium (some reposts), YouTube (video versions), X (announcement),#DevCommunity #API #Python #Automation #OpenSource #TechWriting #Developer #Coding,"API Integration 101, Chaos Engineering Framework Walkthrough, ""5 Python Mistakes I See Often"", How to Debug Production Issues, Open-source contribution guide, Performance optimization for Python, Architectural patterns for automation",Article likes (aim 50+), Comment quality (deep discussions), Bookmark count, Share count, Personal page views,DEV community values engagement; Comment on others' posts heavily; No pure self-promo,QuantumForgeLabs (variant),Free,Email + GitHub integration recommended,Week 3,Medium ($0-$500/mo directly; high consulting lead value),"Moderate growth (500-2K followers by month 3; 2K-10K by month 6 with consistency)","Daily community engagement; Comment on 10+ posts daily; Help others solve problems; Share others' work",Respect DEV community; High technical quality; Original thoughts; Support newbies learning,GitHub for code examples; Dev.to editor is excellent,YES - Dev.to analytics,Recipe TBD,Best for developer community credibility; Strong for consulting leads from technical audience,SETUP_REQUIRED

@QuantumForgeLabs,Core Brand,Substack (Optional),""AI Ethics Guidelines"" + Newsletter Building,Email community building,OPTIONAL,Tier 3,Week 3 Day 1,"QuantumForgeLabs Newsletter | Weekly on Quantum Automation, Generative AI, and Philosophy | Join 100+ subscribers","Weekly essays (long-form, 2000+ words), exclusive insights, research findings, subscriber-only content, subscriber asks/polls, community highlights, reading recommendations, early access to content before public","Substack Pro subscription (reader support: $5-$50/mo per reader), Sponsorships from companies ($1K-$5K per sponsor), Premium tier ($5-$20/mo for exclusive content)","1 weekly email (every Sunday or Monday) + 1-2 bonus emails per month for premium subscribers",X (announces new issues), Medium (some essays), Ko-fi (link), Website (cross-post),#Newsletter #SubStack #QuantumML #AI #Philosophy #Writing #Automation #EmailCommunity,"Launch with ""Why I'm starting this newsletter"" issue, Issue 1: Deep dive on quantum thinking, Issue 2: AI ethics manifesto, Subscriber-only bonus content, ""Ask Me Anything"" thread, Partner interview, Research findings share, Exclusive code/template share",Subscriber count (goal: 100+ by month 3; 1000+ by month 6), Paid subscriber rate (aim 5-10%), Open rate (aim 40%+), Click rate (aim 20%+), Share rate,Substack Pro needed for premium features (~$12/mo)",QuantumForgeNewsletter (variant),Free (Substack takes 10% of paid subscriptions),Email + Payment setup,Week 3,Medium ($100-$500/mo potential),"Moderate growth (50-200 subscribers by month 3; 500-2000+ by month 6 with cross-promotion)","Weekly consistency is essential; Value first before asking for payment; Email is intimateâ€”be authentic",Subscriber respect paramount; No spam; Over-deliver on value; Thank subscribers explicitly,Substack is all you need; Carrd for landing page optional,YES - Substack analytics,Recipe 1: Essayâ†’Newsletter highlight,Best for building deep audience relationships; Highest lifetime customer value,OPTIONAL_SETUP

@QuantumForgeLabs,Core Brand,Ko-fi,"Prompt Engineering Templates" + Premium Courses,Monetization hub,OPTIONAL,Tier 2,Week 3 Day 2,"QuantumForgeLabs Ko-fi | Premium Audits, Courses, Templates | Support the work or buy courses | ko-fi.com/QuantumForgeLabs","Prompt engineering templates ($9.99-$29.99), Mini-courses ($19.99-$99.99), Comprehensive courses ($99.99-$499.99), ""Buy me a coffee"" donations, Monthly memberships, exclusive Discord access, community marketplace","Immediate revenue from course/template sales, Subscription members ($5-$25/mo Ã— 100+ members = $500-$2500/mo), Donations ($50-$500/month), Affiliate commission potential",Ongoing - Add new products 1-2x monthly; Update existing courses; Manage new orders,X (promotion), Instagram (link in bio), Patreon (alternative), YouTube (link in description),#SupportCreators #KoFi #Courses #Templates #Creators #IndieCreator #BuyMeACoffee #CreatorEconomy,"Ko-fi shop launch with 5-10 initial products, ""Prompt Engineering 101"" course, ""Automation Audit"" service, Monthly membership tier, Donation button, Affiliate product links, Limited-edition templates drops",Sales per product, Customer lifetime value, Refund rate, Repeat purchase rate, Email list growth from purchases,Ko-fi account + Payment processor setup required,QuantumForge_Shop (variant),Free (Ko-fi takes 5% of sales),Email + Payment setup,Week 3,High ($500-$3K/mo potential),"Revenue grows with audience (aim $500/mo by month 3; $1-2K+/mo by month 6 with audience growth)","Regularly add new products; Offer bundles; Create scarcity with limited-edition drops; Email customers special offers",Deliver excellence; Support customers; Create genuine value; Fair pricing,Ko-fi platform is excellent; Gumroad alternative; Stripe directly also possible,YES - Ko-fi analytics,Recipe TBD,ESSENTIAL for immediate monetization; Best platform for small creator monetization,OPTIONAL_SETUP

@QuantumForgeLabs,Core Brand,Patreon,Monthly Membership + Exclusive Content,Recurring revenue,OPTIONAL,Tier 2,Week 3 Day 3,"Support QuantumForgeLabs on Patreon | $1-$100/mo tiers | Exclusive discord, courses, early access | patreon.com/QuantumForgeLabs","Tier 1 ($1/mo): Join community & early access to posts, Tier 2 ($5/mo): Exclusive Discord channel, Tier 3 ($20/mo): Monthly 1-on-1 calls, Tier 4 ($100/mo): Custom automation audit, Exclusive content (code, templates, early essays), Monthly community calls, Member highlights, Advisory board access","Monthly recurring revenue from membership tiers ($1K-$10K/mo at scale), One-time course sales, Consulting from Patreon audience, Sponsorships with Patreon creators",Ongoing - Deliver on tier promises; Monthly calls; Exclusive content creation,X (promotion), Discord (link), Ko-fi (alternative), Email,#Patreon #CreatorSupport #MembershipCommunity #SupportIndependent #TierSupport #Creator #Creators #Community,"Patreon launch with 4-5 tier options, ""Join our community"" announcement, Tier benefits breakdown, First exclusive video/code for members, Monthly all-hands call announcement, Tier bonus (limited-time offer), Member spotlight series","Patrons count (goal: 50+ by month 3; 200+ by month 6), Average pledge amount, Churn rate (should be <5%), Tier upgrade rate, Lifetime value per patron",Patreon account + Payment setup required; Consistent delivery essential,QuantumForge_Patreon (variant),Free (Patreon takes 5-8%),Email + Payment setup,Week 3,High ($500-$5K/mo potential),"Revenue grows with audience (aim 20-50 patrons/$100-$250/mo by month 3; 100-200+/$500-$2K+/mo by month 6)","Consistent content delivery to patrons; Monthly calls show you care; Over-deliver on promises; Celebrate milestones",Member respect paramount; Transparency on road map; No over-selling; Member exclusivity genuine,Patreon platform excellent; Creator Studio for easy management,YES - Patreon analytics,Recipe TBD,BEST for recurring revenue; Sustainable long-term income if scaled,OPTIONAL_SETUP

@ChaosPhilosopher,Chaos Philosopher,Medium,""AI Ethics & Guidelines"" (+420% YoY) + Philosophical Essays,Long-form philosophy + thought leadership,AVAILABLE,Tier 2,Week 2 Day 2,"AI Ethics Philosopher | Exploring consciousness in code | Medium essays on responsibility | quantumforgelabs.org | Defending humanism in the AI era","Deep philosophical essays on AI ethics, consciousness, responsibility, legacy system philosophy, chaos theory applications, technical philosophy, societal impact of AI, future of work, human dignity, moral frameworks for automation","Medium Partner Program ($100-$1K/mo from reads), O'Reilly partnerships, Speaking engagements, Book deals, Consulting on ethics, Thought leadership positioning",1-2 philosophical essays per week (2500-4000 words each) + Comments on other essays,X (promote essays), LinkedIn (professional snippets), Discord (discussion starters), Ko-fi (support option),#AIEthics #Philosophy #Technology #Consciousness #Ethics #Responsibility #AI #Humanism,"Essay 1: ""The Consciousness in Code"", Essay 2: ""AI Ethics for the Real World"", Essay 3: ""Why We Need Digital Humanists"", Essay 4: ""The Beautiful Legacy of Old Code"", Essay 5: ""Responsibility in the Age of Generative Models""","Clap count (aim 100+ per essay), Read time (track 15+ min reads), Highlight count (readers highlighting passages), Share rate, Subscriber growth, Partner program earnings",Editor access helpful; Quality writing paramount; Original thought essential,ChaosPhilosopher_writes (variant),Free,Email + 2FA required,Week 3,Medium-High ($200-$1K/mo from Partner Program),"Moderate growth (300-1K followers by month 3; 1K-5K followers by month 6 with strong writing)","Engage with philosophy community; Comment meaningfully on others' essays; Build intellectual reputation",Respect different viewpoints; Nuanced arguments; No dismissal of concerns; Intellectual humility,Grammarly Pro; Notion for research,YES - Medium Analytics,Recipe TBD,Best for book deals + speaking engagements; High-leverage thought leadership,SETUP_REQUIRED
